faculty_id,name,institution_id,homepage,rank,active,notes,orcid,google_scholar_id
sackett_paul,Paul R. Sackett,umn,https://cla.umn.edu/about/directory/profile/psackett,Professor,True,Core I-O; official UMN I-O page,,TXKXrhYAAAAJ
dunnette_marvin,Marvin D. Dunnette,umn,,Professor Emeritus,False,No public Google Scholar profile; not on current scoring roster,,
campbell_john,John P. Campbell,umn,https://cla.umn.edu/psychology/news-events/story/memoriam-emeritus-professor-and-former-chair-john-p-campbell,Professor Emeritus,False,No public Google Scholar profile; died July 2025,,
kuncel_nathan,Nathan R. Kuncel,umn,https://cla.umn.edu/about/directory/profile/kunce001,Professor,True,Core I-O; official UMN I-O page,,Li_99XsAAAAJ
landers_richard,Richard N. Landers,umn,https://cla.umn.edu/about/directory/profile/rlanders,Professor,True,Core I-O; official UMN I-O page,,wMsVHFYAAAAJ
ones_deniz,Deniz S. Ones,umn,https://cla.umn.edu/about/directory/profile/denes,Professor,True,Core I-O area director; official UMN I-O page,,RfAFQMQAAAAJ
schmidt_aaron,Aaron M. Schmidt,umn,https://cla.umn.edu/about/directory/profile/aschmidt,Associate Professor,True,Core I-O; official UMN I-O page; no public Google Scholar profile,,
ryan_annmarie,Ann Marie Ryan,msu,https://psychology.msu.edu/about/people/ann-marie-ryan,Professor,False,Official MSU: Professor Emerita; not current Organizational core,,
ford_kevin,J. Kevin Ford,msu,https://psychology.msu.edu/about/people/j-kevin-ford,Professor,True,,,eXNjTPIAAAAJ
carter_nathan,Nathan T. Carter,msu,https://psychology.msu.edu/about/people/nathan-carter,Professor,True,,,QIjATukAAAAJ
newman_daniel,Daniel A. Newman,uiuc,https://psychology.illinois.edu/directory/profile/d5n,Professor,True,,,CrOaqpsAAAAJ
hulin_charles,Charles L. Hulin,uiuc,https://psychology.illinois.edu/directory/profile/clhulin,Professor Emeritus,False,No public Google Scholar profile; Professor Emeritus,,
rounds_james,James Rounds,uiuc,https://psychology.illinois.edu/directory/profile/jrounds,Professor,False,Official UIUC: Professor Emeritus,,GDTpZuMAAAAJ
drasgow_fritz,Fritz Drasgow,uiuc,https://psychology.illinois.edu/directory/profile/fdrasgow,Professor,False,"Official UIUC: Dean Emeritus, LER",,AXsNFH4AAAAJ
highhouse_scott,Scott Highhouse,bgsu,https://www.bgsu.edu/arts-and-sciences/psychology/people/scott-highhouse.html,Professor,True,,,-n4MwyUAAAAJ
brooks_margaret,Margaret E. Brooks,bgsu,https://www.bgsu.edu/business/departments-and-programs/management/faculty-staff/maggie-brooks.html,Professor,True,,,Tz9tznkAAAAJ
zickar_michael,Michael J. Zickar,bgsu,https://www.bgsu.edu/arts-and-sciences/psychology/people/mzickar.html,Professor,True,,,obkeqTgAAAAJ
levy_paul,Paul E. Levy,uakron,https://www.uakron.edu/psychology/faculty-staff/bio-detail.dot?u=plevy,Professor,True,,,KnOIC2AAAAAJ
elicker_joelle,Joelle D. Elicker,uakron,https://www.uakron.edu/psychology/faculty-staff/bio-detail.dot?u=joelle,Associate Professor,True,,,D7_KI6oAAAAJ
lebreton_james,James M. LeBreton,rice,https://profiles.rice.edu/faculty/james-lebreton,Professor,True,Official Rice faculty profile; formerly Penn State,,RXXhYO0AAAAJ
jacobs_rick,Rick R. Jacobs,psu,https://psych.la.psu.edu/directory/rrj,Professor,False,Official PSU: Professor Emeritus; not on doctoral faculty list,,
beier_margaret,Margaret E. Beier,rice,https://profiles.rice.edu/faculty/margaret-beier,Professor,True,Official Rice faculty profile; department chair,,h9TnggYAAAAJ
brossoit_rebecca,Rebecca Brossoit,rice,https://profiles.rice.edu/faculty/rebecca-brossoit,Assistant Professor,True,Official Rice faculty profile,,2_YzRxkAAAAJ
hebl_mikki,Michelle R. Hebl,rice,https://profiles.rice.edu/faculty/mikki-hebl,Professor,True,Official Rice faculty profile,,CCOSnCEAAAAJ
king_danielle,Danielle King Jordan,rice,https://profiles.rice.edu/faculty/danielle-king-jordan,Associate Professor,True,Official Rice faculty profile; Associate Dean GPS,,qS6aIMUAAAAJ
king_eden,Eden B. King,rice,https://profiles.rice.edu/faculty/eden-king,Professor,True,Official Rice faculty profile,,6gtdKWcAAAAJ
oswald_fred,Frederick L. Oswald,rice,https://profiles.rice.edu/faculty/fred-oswald,Professor,False,Left Rice I-O roster; University of California Irvine 2026–present,,jWlqGZcAAAAJ
motowidlo_stephan,Stephan J. Motowidlo,rice,https://profiles.rice.edu/faculty/stephan-motowidlo,Professor Emeritus,False,Official Rice: Professor Emeritus,,nkq2kBQAAAAJ
salas_eduardo,Eduardo Salas,rice,https://profiles.rice.edu/faculty/eduardo-salas,Professor,True,Official Rice faculty profile; Cline Chair,,pzOYmE0AAAAJ
sun_tianjun,Tianjun Sun,rice,https://profiles.rice.edu/faculty/tianjun-sun,Assistant Professor,True,Official Rice faculty profile,,dn24ECQAAAAJ
zaccaro_stephen,Stephen J. Zaccaro,gmu,https://psychology.gmu.edu/people/szaccaro,Professor,True,,,EtEt5w0AAAAJ
tetrick_lois,Lois E. Tetrick,gmu,https://psychology.gmu.edu/people/ltetrick,Professor,False,Official GMU: Emeritus Faculty; not current I-O core,,
dalal_reeshad,Reeshad S. Dalal,gmu,https://psychology.gmu.edu/people/rdalal,Professor,True,,,QkDLr-MAAAAJ
eby_lillian,Lillian T. Eby,uga,https://psychology.uga.edu/directory/people/lillian-eby,Professor,False,Official UGA: retired / Distinguished Research Professor Emerita; not on I-O PhD faculty directory,,
hoffman_brian,Brian J. Hoffman,uga,https://psychology.uga.edu/directory/people/brian-hoffman,Professor,True,,,lnPPKZUAAAAJ
olenick_jeffrey,Jeffrey Olenick,uga,https://www.psychology.uga.edu/directory/people/jeffrey-olenick,Assistant Professor,True,Official UGA I-O PhD faculty; I-O program chair,,j2_Rn98AAAAJ
arthur_winfred,Winfred Arthur Jr.,tamu,https://liberalarts.tamu.edu/psychology/profile/winfred-arthur/,Professor,True,,,TjxUECcAAAAJ
payne_stephanie,Stephanie C. Payne,tamu,https://liberalarts.tamu.edu/psychology/profile/stephanie-payne/,Professor,True,Scholar ID from TAMU profile ilhYOKgAAAAJ,,ilhYOKgAAAAJ
allen_tammy,Tammy D. Allen,usf,https://www.usf.edu/arts-sciences/departments/psychology/people/faculty/tammy-allen.aspx,Professor,True,Official USF I-O faculty table,,C8nePQUAAAAJ
chao_georgia,Georgia T. Chao,usf,https://www.usf.edu/arts-sciences/departments/psychology/people/faculty/georgia-chao.aspx,Professor,True,Official USF I-O faculty table; Area Director,,pOWIQxgAAAAJ
gillespie_michael,Michael A. Gillespie,usf,https://www.usf.edu/arts-sciences/departments/psychology/people/faculty/michael-gillespie.aspx,Associate Professor,True,Official USF I-O faculty table; Sarasota-Manatee,,PxNBgYUAAAAJ
griffin_daniel,Daniel Griffin,usf,https://www.usf.edu/arts-sciences/departments/psychology/people/faculty/daniel-griffin.aspx,Assistant Professor,True,Official USF I-O faculty table,,Vplvdo0AAAAJ
hou_daphne,Daphne Xin Hou,usf,https://www.usf.edu/arts-sciences/departments/psychology/people/faculty/daphne-hou.aspx,Assistant Professor,True,Official USF I-O faculty table,,OCBbe2QAAAAJ
kozlowski_steve,Steve W. J. Kozlowski,usf,https://www.usf.edu/arts-sciences/departments/psychology/people/faculty/steven-kozlowski.aspx,Professor,True,Official USF I-O faculty table,,XEjiPNEAAAAJ
smith_claire,Claire E. Smith,usf,https://www.usf.edu/arts-sciences/departments/psychology/people/faculty/claire-smith.aspx,Assistant Professor,True,Official USF I-O faculty table,,olYdTMEAAAAJ
stark_stephen,Stephen Stark,usf,https://www.usf.edu/arts-sciences/departments/psychology/people/faculty/stephen-stark.aspx,Professor,True,Official USF I-O faculty table,,D7710wUAAAAJ
spector_paul,Paul E. Spector,usf,https://www.usf.edu/arts-sciences/departments/psychology/people/faculty/paul-spector.aspx,Professor Emeritus,False,Official USF: Distinguished Professor Emeritus,,
borman_walter,Walter C. Borman,usf,,Professor Emeritus,False,Official USF: Professor Emeritus,,
woo_sang,Sang Eun Woo,purdue,https://hhs.purdue.edu/directory/sang-eun-woo/,Professor,True,,,NRkfBhQAAAAJ
tay_louis,Louis Tay,purdue,https://hhs.purdue.edu/directory/louis-tay/,Professor,True,,,5_1xpscAAAAJ
witt_la,L. A. Witt,uh,https://www.uh.edu/class/psychology/io-psych/people/faculty/,Professor,False,Not on dedicated UH I-O faculty page (joint Management appointment),,
brummel_bradley,Bradley J. Brummel,uh,https://www.uh.edu/class/psychology/about/people/bradley-brummel/bradley-brummel.php,Professor,True,Official UH I-O faculty page; program director,,s4jQwowAAAAJ
sabat_isaac,Isaac E. Sabat,uh,https://www.uh.edu/class/psychology/about/people/isaac-sabat/isaac-sabat.php,Associate Professor,True,Official UH I-O faculty page,,A0Mhl98AAAAJ
mehta_paras,Paras D. Mehta,uh,https://www.uh.edu/class/psychology/about/people/paras-mehta/index.php,Associate Professor,True,Official UH I-O faculty page,,4tefno0AAAAJ
litson_kaylee,Kaylee Litson,uh,https://www.uh.edu/class/psychology/about/people/kaylee-litson/,Assistant Professor,True,Official UH I-O faculty page,,2Te_TMEAAAAJ
reyes_denise,Denise L. Reyes,uh,https://www.uh.edu/class/psychology/about/people/denise-reyes/index.php,Assistant Professor,True,Official UH I-O faculty page,,iaXc6NYAAAAJ
dik_bryan,Bryan J. Dik,csu,https://psychology.colostate.edu/person/?id=96A7D0C5407893079105829350F8E376&sq=t,Professor,True,Official CSU I-O faculty list,,lJz8HB4AAAAJ
fisher_gwen,Gwenith G. Fisher,csu,https://psychology.colostate.edu/person/?id=71DBAC34D7C1FF57044953246ECFBB85,Professor,True,Official CSU I-O faculty list,,MU4Y7VYAAAAJ
fletcher_keaton,Keaton A. Fletcher,csu,https://psychology.colostate.edu/person/?id=62535BDD820BC55E5DB38E7C829D74FE&sq=t,Associate Professor,True,Official CSU I-O faculty list,,Z38glpIAAAAJ
french_kimberly,Kimberly A. French,csu,https://psychology.colostate.edu/person/?id=543304F763A3E253917D1AB605BA1CCA&sq=t,Associate Professor,True,Official CSU I-O faculty list,,ekl67gcAAAAJ
gardner_danielle,Danielle M. Gardner,csu,https://psychology.colostate.edu/person/?id=41F8292EF26F1009D3096EA1C2C6E74C&sq=t,Assistant Professor,True,Official CSU I-O faculty list,,CumJXukAAAAJ
gibbons_alyssa,Alyssa M. Gibbons,csu,https://psychology.colostate.edu/person/?id=0D7D5CDAC6677E3AD4FA00B2C074B674&sq=t,Associate Professor,True,Official CSU I-O faculty list,,
prasad_josh,Joshua J. Prasad,csu,https://psychology.colostate.edu/person/?id=C390BBC1F8273071BEA7B4FCC9DE06F7,Assistant Professor,True,Official CSU I-O faculty list,,JVRH_s0AAAAJ
byrne_zinta,Zinta S. Byrne,csu,https://psychology.colostate.edu/zinta-byrne/,Professor,False,Not on current CSU I-O faculty list,,
tonidandel_scott,Scott Tonidandel,uncc,https://orgscience.charlotte.edu/directory/scott-tonidandel/,Professor,True,OS program director; official OS faculty,,EzgIBbcAAAAJ
rogelberg_steven,Steven G. Rogelberg,uncc,https://orgscience.charlotte.edu/directory/steven-rogelberg/,Professor,True,Official OS faculty,,XXtn9GcWxe4C
mcgonagle_alyssa,Alyssa McGonagle,uncc,https://orgscience.charlotte.edu/directory/alyssa-mcgonagle,Associate Professor,True,Official OS faculty,,ZbSzNS8AAAAJ
banks_george,George C. Banks,uncc,https://orgscience.charlotte.edu/directory/george-banks/,Professor,True,Official OS faculty,,EWgu-gQAAAAJ
gooty_janaki,Janaki Gooty,uncc,https://orgscience.charlotte.edu/directory/janaki-gooty/,Professor,True,Official OS faculty,,tYlf9PIAAAAJ
blanchard_anita,Anita L. Blanchard,uncc,https://orgscience.charlotte.edu/directory/anita-blanchard/,Professor,True,Official OS faculty,,mnEZIz4AAAAJ
canevello_amy,Amy Canevello,uncc,https://orgscience.charlotte.edu/directory/amy-canevello/,Associate Professor,True,Official OS faculty,,72zO0DEAAAAJ
davenport_meghan,Meghan K. Davenport,uncc,https://orgscience.charlotte.edu/directory/meghan-davenport/,Assistant Professor,True,Official OS faculty,,d0dT5rMAAAAJ
endacott_camille,Camille G. Endacott,uncc,https://orgscience.charlotte.edu/directory/camille-endacott/,Assistant Professor,True,Official OS faculty,,zdGitIIAAAAJ
gossett_loril,Loril M. Gossett,uncc,https://orgscience.charlotte.edu/directory/loril-gossett/,Associate Professor,True,Official OS faculty,,b94s48AAAAAJ
grant_ryan,Ryan Grant,uncc,https://orgscience.charlotte.edu/people/ryan-grant/,Assistant Professor,True,Official OS faculty,,
heggestad_eric,Eric D. Heggestad,uncc,https://orgscience.charlotte.edu/directory/eric-heggestad/,Professor,True,Official OS faculty,,Ha40ALIAAAAJ
jason_kendra,Kendra Jason,uncc,https://orgscience.charlotte.edu/directory/kendra-jason/,Associate Professor,True,Official OS faculty,,xCxqw-sAAAAJ
baltes_boris,Boris B. Baltes,wayne,https://provost.wayne.edu/academic-personnel/profile/ae8920,Professor,False,Not current Wayne I-O core (CLAS memorial 2025),,
dickson_marcus,Marcus W. Dickson,wayne,https://wayne.edu/people/ad4795,Professor,True,I-O area head,,xhXn61QAAAAJ
adair_wendi,Wendi L. Adair,waterloo,https://uwaterloo.ca/psychology/people-profiles/wendi-adair,Professor,True,Official Waterloo I-O core faculty,,xmuke10AAAAJ
beck_james,James W. Beck,waterloo,https://uwaterloo.ca/psychology/people-profiles/james-beck,Associate Professor,True,Official Waterloo I-O core faculty; Scholar ID mHCtGhcAAAAJ is botanist James Beck (Wichita State) — blocked
bobocel_ramona,D. Ramona Bobocel,waterloo,https://uwaterloo.ca/psychology/profiles/ramona-bobocel,Professor,True,Official Waterloo I-O core faculty,,hANFxFIAAAAJ
brown_douglas,Douglas J. Brown,waterloo,https://uwaterloo.ca/psychology/profiles/douglas-brown,Professor,True,Official Waterloo I-O core faculty,,VH40jFYAAAAJ
hillebrandt_annika,Annika Hillebrandt,waterloo,https://uwaterloo.ca/psychology/profiles/annika-hillebrandt,Associate Professor,True,Official Waterloo I-O core faculty,,GaU_pnoAAAAJ
chapman_derek,Derek S. Chapman,calgary,https://profiles.ucalgary.ca/derek-chapman,Associate Professor,False,Official Calgary I-O: Associate Professor Emeritus,,
bourdage_joshua,Joshua S. Bourdage,calgary,https://profiles.ucalgary.ca/joshua-bourdage,Professor,True,Psychology I-O,,4zIeRX4AAAAJ
oneill_thomas,Thomas A. O'Neill,calgary,https://profiles.ucalgary.ca/thomas-oneill,Professor,True,Psychology I-O program head,,nYMDbHgAAAAJ
kelloway_kevin,E. Kevin Kelloway,smu,https://www.smu.ca/psychology/faculty-and-staff-profiles/faculty/e-kevin-kelloway.html,Professor,True,,,k_Lo5MQAAAAJ
powell_deborah,Deborah M. Powell,guelph,https://www.uoguelph.ca/psychology/people/deborah-powell,Professor,True,Official Guelph I-O,,FiQg1SgAAAAJ
hausdorf_peter,Peter A. Hausdorf,guelph,https://www.uoguelph.ca/psychology/people/peter-hausdorf,Professor,True,Official Guelph I-O,,tat03s0AAAAJ
sonhing_leanne,Leanne S. Son Hing,guelph,https://www.uoguelph.ca/profile/leanne-son-hing,Professor,True,Official Guelph I-O,,
gonzalezmorales_gloria,M. Gloria Gonzalez-Morales,guelph,https://www.uoguelph.ca/psychology/graduate/ios,Associate Professor,False,Not on current Guelph I-O directory,,
finegan_joan,Joan Finegan,western,https://www.psychology.uwo.ca/people/faculty/profiles/finegan.html,Associate Professor,False,Official Western I/O: Professor Emeritus; not core,,
goffin_richard,Richard D. Goffin,western,https://www.psychology.uwo.ca/people/faculty/profiles/goffin.html,Professor,False,Official Western I/O: Professor Emeritus; not core,,
kanfer_ruth,Ruth Kanfer,gatech,https://psychology.gatech.edu/people/ruth-kanfer,Professor,False,Official GT news: deceased August 2025; stale people page; UMN 1984–1997,,22Ph80MAAAAJ
ackerman_phillip,Phillip L. Ackerman,gatech,https://psychology.gatech.edu/people/phillip-ackerman,Professor,True,Official GT I-O faculty,,YCmbxfIAAAAJ
weiss_howard,Howard M. Weiss,gatech,https://psychology.gatech.edu/people/howard-m-weiss,Professor,True,Official GT I-O faculty,,zhUj2-oAAAAJ
wiese_christopher,Christopher W. Wiese,gatech,https://psychology.gatech.edu/people/christopher-w-wiese,Associate Professor,True,Official GT I-O area director,,sYILK6YAAAAJ
meade_adam,Adam W. Meade,ncsu,https://meade.wordpress.ncsu.edu/,Professor,True,I-O program coordinator; official NC State,,o3ZbR_0AAAAJ
craig_bart,S. Bartholomew Craig,ncsu,https://chass.ncsu.edu/people/sbcraig/,Associate Professor,True,Official NC State I-O faculty group,,UogJDo8AAAAJ
foster_lori,Lori Foster,ncsu,https://chass.ncsu.edu/people/llfoster/,Professor,True,Official NC State I-O faculty group,,
albritton_betsy,Betsy Albritton,clemson,https://www.clemson.edu/cbshs/about/profiles/index.html?userid=ealbrit,Assistant Professor,True,Official Clemson I-O faculty list; Scholar ID 404
britt_thomas,Thomas W. Britt,clemson,https://www.clemson.edu/cbshs/about/profiles/index.html?userid=TWBRITT,Professor,True,Official Clemson I-O faculty list,,hlEVHFEAAAAJ
vanfossen_jenna,Jenna Van Fossen,clemson,https://www.clemson.edu/cbshs/about/profiles/index.html?userid=jvanfos,Assistant Professor,True,Official Clemson I-O faculty list,,h1WiANIAAAAJ
rosopa_patrick,Patrick J. Rosopa,clemson,https://www.clemson.edu/cbshs/about/profiles/index.html?userid=PROSOPA,Professor,True,Official Clemson I-O faculty list,,k9FadEgAAAAJ
sinclair_robert,Robert R. Sinclair,clemson,https://www.clemson.edu/cbshs/about/profiles/index.html?userid=RSINCLA,Professor,True,Official Clemson I-O faculty list; grad coordinator,,p5lATEUAAAAJ
taylor_maryanne,Mary Anne Taylor,clemson,https://www.clemson.edu/cbshs/about/profiles/index.html?userid=TAYLORM,Professor,True,Official Clemson I-O faculty list,,
ehrhart_mark,Mark G. Ehrhart,ucf,https://sciences.ucf.edu/psychology/person/mark-ehrhart/,Professor,True,UCF I-O handbook 2025-26; program director,,9ER5GqgAAAAJ
bowling_nathan,Nathan A. Bowling,ucf,https://sciences.ucf.edu/psychology/person/nathan-bowling/,Professor,True,UCF I-O handbook 2025-26,,MGKS_rYAAAAJ
fritzsche_barbara,Barbara A. Fritzsche,ucf,https://sciences.ucf.edu/psychology/person/barbara-fritzsche/,Associate Professor,True,UCF I-O handbook 2025-26,,2xypKcwAAAAJ
lenoble_chelsea,Chelsea LeNoble,ucf,https://sciences.ucf.edu/psychology/person/chelsea-lenoble/,Assistant Professor,True,UCF I-O handbook 2025-26,,uN9yD3IAAAAJ
shoss_mindy,Mindy K. Shoss,ucf,https://sciences.ucf.edu/psychology/person/mindy-shoss/,Professor,True,UCF I-O handbook 2025-26,,0MfACZAAAAAJ
su_shiyang,Shiyang Su,ucf,https://sciences.ucf.edu/psychology/person/shiyang-su/,Associate Professor,True,UCF I-O handbook 2025-26,,QgTb0MMAAAAJ
goldstein_harold,Harold W. Goldstein,baruch,https://www.baruch.cuny.edu/profiles/faculty/Harold-Goldstein,Professor,True,CUNY GC I-O training area full-time faculty,,
cohencharash_yochi,Yochi Cohen-Charash,baruch,https://www.gc.cuny.edu/people/yochi-cohen-charash,Professor,True,CUNY GC I-O training area full-time faculty,,z9zdLDIAAAAJ
scherbaum_charles,Charles A. Scherbaum,baruch,https://www.gc.cuny.edu/people/charles-scherbaum,Professor,True,CUNY GC I-O PhD director,,UsVFH7cAAAAJ
wang_wei,Wei Wang,baruch,https://www.iopsych-baruch.com/wei-wang,Associate Professor,True,CUNY GC I-O training area full-time faculty,,DwxPR9AAAAAJ
chatterjee_dia,Dia Chatterjee,baruch,https://www.gc.cuny.edu/people/dia-chatterjee,Assistant Professor,True,CUNY GC I-O training area full-time faculty,,
godollei_anna,Anna Godollei,baruch,https://www.gc.cuny.edu/people/anna-godollei,Assistant Professor,True,CUNY GC I-O training area full-time faculty,,s-GZAy8AAAAJ
bazzoli_andrea,Andrea Bazzoli,baruch,https://www.gc.cuny.edu/people/andrea-bazzoli,Assistant Professor,True,CUNY GC I-O training area full-time faculty,,zu8Us98AAAAJ
cigularov_konstantin,Konstantin P. Cigularov,odu,https://www.odu.edu/directory/konstantin-cigularov,Associate Professor,False,ODU I-O PhD discontinued 2025; not counted as a program,,
major_debra,Debra A. Major,odu,https://www.odu.edu/psychology/graduate/industrial-organizational/labs,Professor,False,ODU Board of Visitors: emerita 2023; labs page stale,,
hu_xiaoxiao,Xiaoxiao Hu,odu,https://www.odu.edu/directory/xiaoxiao-hu,Associate Professor,False,Not on official ODU I-O labs faculty list,,
crain_tori,Tori L. Crain,pdx,https://www.pdx.edu/profile/tori-crain,Associate Professor,True,Official PDX I-O core faculty,,qUIckLcAAAAJ
paolettihatcher_jensine,Jensine Paoletti-Hatcher,pdx,https://www.pdx.edu/profile/jensine-paoletti-hatcher,Assistant Professor,True,Official PDX I-O core faculty,,J_GbL8MAAAAJ
randall_jason,Jason G. Randall,pdx,https://www.pdx.edu/profile/jason-randall,Assistant Professor,True,Official PDX I-O core faculty,,cT8LWcUAAAAJ
yang_liuqin,Liu-Qin Yang,pdx,https://www.pdx.edu/profile/liu-qin-yang,Professor,True,Official PDX I-O core faculty,,arBLOxAAAAAJ
hanges_paul,Paul J. Hanges,umd,https://psyc.umd.edu/facultyprofile/hanges/paul,Professor,True,Official UMD SDOS; I-O,,oEWUNuMAAAAJ
grand_james,James A. Grand,umd,https://psyc.umd.edu/facultyprofile/grand/james,Associate Professor,True,Official UMD SDOS; I-O,,Y1w9_1oAAAAJ
wessel_jennifer,Jennifer L. Wessel,umd,https://psyc.umd.edu/people/faculty,Associate Professor,True,Official UMD SDOS; workplace diversity / I-O,,m_tEihAAAAAJ
lahuis_david,David M. LaHuis,wright,https://people.wright.edu/david.lahuis,Professor,True,Wright State I-O faculty directory,,_Q1k5eoAAAAJ
miller_corey,Corey E. Miller,wright,https://people.wright.edu/corey.miller,Associate Professor,True,Wright State I-O faculty directory,,xYdlSLMAAAAJ
steelejohnson_debra,Debra Steele-Johnson,wright,https://people.wright.edu/debra.steele-johnson,Professor,True,Wright State I-O faculty directory,,
christiansen_neil,Neil D. Christiansen,cmich,https://www.cmich.edu/people/NEIL-DOUGLAS-CHRISTIANSEN,Professor,True,Official CMU I-O faculty; program director,,
obrien_kimberly,Kimberly E. O'Brien,cmich,https://www.cmich.edu/people/KIMBERLY-OBRIEN,Associate Professor,True,Official CMU I-O faculty,,-K55amsAAAAJ
prewett_matthew,Matthew S. Prewett,cmich,https://www.cmich.edu/people/MATTHEW-SCOTT-PREWETT,Associate Professor,True,Official CMU I-O faculty,,vqpmPQsAAAAJ
speer_andrew,Andrew B. Speer,wayne,https://s.wayne.edu/speerlab/,Professor,False,Left Wayne 2023 for IU Kelley School of Business,,
burns_gary,Gary N. Burns,fit,https://www.fit.edu/faculty-profiles/b/burns-gary/,Professor,True,Official FIT I/O faculty,,fQpVNQUAAAAJ
converse_patrick,Patrick D. Converse,fit,https://www.fit.edu/faculty-profiles/c/converse-patrick/,Professor,True,Official FIT I/O faculty,,15WPB2EAAAAJ
griffith_richard,Richard L. Griffith,fit,https://www.fit.edu/faculty-profiles/g/griffith-richard/,Professor,True,Official FIT I/O faculty,,PDhejLwAAAAJ
steelman_lisa,Lisa A. Steelman,fit,https://www.fit.edu/faculty-profiles/s/steelman-lisa/,Professor,True,Official FIT I/O faculty,0000-0002-5786-8607,vxmpMEgAAAAJ
thayer_amanda,Amanda L. Thayer,fit,https://www.fit.edu/faculty-profiles/t/thayer-amanda/,Associate Professor,True,Official FIT I/O faculty,0000-0002-7995-3378,zBaf1WIAAAAJ
wildman_jessica,Jessica L. Wildman,fit,https://www.fit.edu/faculty-profiles/w/wildman-wildones-jessica/,Professor,True,Official FIT I/O faculty; program chair,0000-0002-0004-595X,_JYUCtgAAAAJ
durik_amanda,Amanda M. Durik,niu,http://niu.edu/durik/,Professor,True,Official NIU Social-I/O area faculty,,FyOITO0AAAAJ
finkelstein_lisa,Lisa M. Finkelstein,niu,https://www.niu.edu/clas/psychology/about/directory/finkelstein.shtml,Professor,True,Official NIU Social-I/O area coordinator,,XpM3TEsAAAAJ
mccarthy_randy,Randy J. McCarthy,niu,https://www.niu.edu/clas/psychology/about/directory/mccarthy.shtml,Professor,True,Official NIU Social-I/O area faculty,,5ONVkm8AAAAJ
saef_rachel,Rachel Saef,niu,https://www.niu.edu/psychology/about/directory/saef.shtml,Assistant Professor,True,Official NIU Social-I/O area faculty,,8JJtf4YAAAAJ
sagarin_brad,Brad J. Sagarin,niu,https://www.niu.edu/clas/psychology/about/directory/sagarin.shtml,Professor,True,Official NIU Social-I/O area faculty,,9IlYGZAAAAAJ
santuzzi_alecia,Alecia M. Santuzzi,niu,https://www.niu.edu/clas/psychology/about/directory/santuzzi.shtml,Professor,True,Official NIU Social-I/O area faculty,,67qtXloAAAAJ
valle_ibette,Ibette Valle,niu,https://www.niu.edu/clas/psychology/about/directory/valle.shtml,Assistant Professor,True,Official NIU Social-I/O area faculty,,K5SadLoAAAAJ
connelly_shane,Shane Connelly,ou,https://www.ou.edu/cas/psychology/people/faculty/shane-connelly,Professor,True,Official OU Psychology I-O area,,tBFPdoIAAAAJ
day_eric,Eric A. Day,ou,https://www.ou.edu/cas/psychology/people/faculty/eric-day.html,Professor,True,Official OU I-O doctoral coordinator,,tsxoQYQAAAAJ
he_yaqing,Yaqing He,ou,https://www.ou.edu/cas/psychology/people/faculty/yaqing-he,Assistant Professor,True,Official OU Psychology I-O area,,
kim_jeongjin,JeongJin Kim,ou,https://www.ou.edu/cas/psychology/people/faculty/jeongjin-kim,Assistant Professor,True,Official OU Psychology I-O area,,3312EoQAAAAJ
snyder_lori,Lori Anderson Snyder,ou,https://www.ou.edu/cas/psychology/people/faculty/lori-snyder,Professor,True,Official OU Psychology I-O area; removed Scholar ID XbsL6hsAAAAJ (Lori Snyder Bennear / environmental economics; not on homepage),,
cartersowell_adrienne,Adrienne R. Carter-Sowell,ou,https://www.ou.edu/cas/psychology/people/faculty/adrienne-carter-sowell,Professor,True,Official OU faculty; I-O / workplace access,,tGwBI80AAAAJ
ayman_roya,Roya Ayman,iit,https://www.iit.edu/directory/people/roya-ayman,Professor,True,Official IIT I-O featured faculty,,hPFmocsAAAAJ
bauer_kristina,Kristina N. Bauer,iit,https://www.iit.edu/directory/people/kristina-bauer,Associate Professor,True,Official IIT I-O featured faculty,,4C46sfcAAAAJ
morris_scott,Scott B. Morris,iit,https://www.iit.edu/directory/people/scott-morris,Professor,True,Official IIT I-O program director,,aiWrHTkAAAAJ
halpert_jane,Jane A. Halpert,depaul,https://www.depaul.edu/faculty/jane-halpert,Professor,True,Official DePaul I-O faculty page,,
katz_ian,Ian M. Katz,depaul,https://www.depaul.edu/faculty/ian-katz,Assistant Professor,True,Official DePaul I-O faculty; program director,,ywGflxEAAAAJ
rauvola_shelly,R. Shelly Rauvola,depaul,https://www.depaul.edu/faculty/shelly-rauvola,Associate Professor,True,Official DePaul I-O faculty page,,1ANFTW8AAAAJ
stuhlmacher_alice,Alice F. Stuhlmacher,depaul,https://www.depaul.edu/faculty/alice-stuhlmacher,Professor,True,Official DePaul I-O faculty page,,IHuBNAoAAAAJ
roch_sylvia,Sylvia G. Roch,ualbany,https://www.albany.edu/psychology/faculty/sylvia-roch,Professor,True,UAlbany I-O PhD director,,zErez8gAAAAJ
dalal_dev,Dev K. Dalal,ualbany,https://www.albany.edu/psychology/psychology-research,Associate Professor,True,UAlbany I-O faculty,,GoXKNzcAAAAJ
williams_kevin,Kevin J. Williams,ualbany,https://www.albany.edu/psychology/faculty/kevin-williams,Professor,True,UAlbany I-O faculty,,18FQvm8AAAAJ
cheung_hokwan,Ho Kwan Cheung,calgary,https://profiles.ucalgary.ca/ho-kwan-cheung,Associate Professor,True,Official Calgary I-O faculty; formerly UAlbany; Scholar ID from Calgary profile (prior ID was Andrew F. Hayes),,JwM1yyEAAAAJ
reiterpalmon_roni,Roni Reiter-Palmon,unomaha,https://www.unomaha.edu/college-of-arts-and-sciences/psychology/about-us/directory/reiterpalmon-roni.php,Professor,True,Official UNO I/O faculty; program director,,k74dhjEAAAAJ
folberg_abigail,Abigail M. Folberg,unomaha,https://www.unomaha.edu/college-of-arts-and-sciences/psychology/about-us/directory/folberg-abby.php,Assistant Professor,True,Official UNO I/O faculty page (still Assistant),,iRqlSY8AAAAJ
hunter_samuel,Samuel T. Hunter,unomaha,https://www.unomaha.edu/college-of-arts-and-sciences/psychology/about-us/directory/hunter-sam.php,Professor,True,Official UNO I/O faculty,,uJpT238AAAAJ
kramer_william,William S. Kramer,unomaha,https://www.unomaha.edu/college-of-arts-and-sciences/psychology/about-us/directory/kramer-william.php,Assistant Professor,True,Official UNO I/O faculty,,4N5qvy4AAAAJ
nguyen_tin,Tin L. Nguyen,unomaha,https://www.unomaha.edu/college-of-arts-and-sciences/psychology/about-us/directory/nguyen-tin.php,Assistant Professor,True,Official UNO I/O faculty,,2EwFZG0AAAAJ
saxena_mahima,Mahima Saxena,unomaha,https://www.unomaha.edu/college-of-arts-and-sciences/psychology/about-us/directory/saxena-mahima.php,Assistant Professor,True,Official UNO I/O faculty page (still Assistant),,t2znOwkAAAAJ
tett_robert,Robert P. Tett,utulsa,https://utulsa.edu/departments/psychology/,Professor,False,Official TU: Professor Emeritus; not on current I-O featured faculty,,
narayan_anupama,Anupama Narayan,utulsa,https://utulsa.edu/people/anupama-narayan/,Associate Professor,True,Official TU I-O graduate adviser,,fHcB5e4AAAAJ
lee_juseob,Juseob Lee,utulsa,https://utulsa.edu/people/juseob-lee/,Assistant Professor,True,Official TU I-O faculty,,q9B3GQUAAAAJ
thapa_stuti,Stuti Thapa,utulsa,https://utulsa.edu/people/stuti-thapa/,Assistant Professor,True,Official TU I-O faculty,,xJRhc0sAAAAJ
ragsdale_jennifer,Jennifer M. Ragsdale,utulsa,https://artsandsciences.utulsa.edu/psychology/faculty/,Associate Professor,False,Not on current TU I-O featured faculty or 2024-25 bulletin,,
vancouver_jeffrey,Jeffrey B. Vancouver,ohio,https://www.ohio.edu/cas/psychology/about/contact/faculty-staff-directory,Professor,False,Ohio I/O specialization not admitting; catalog PH4106 closed to new students,,
bruklee_valentina,Valentina Bruk-Lee,fiu,https://case.fiu.edu/about/directory/profiles/bruk-lee-valentina.html,Associate Professor,True,Official FIU I-O team; program director,,bxj2rK8AAAAJ
viswesvaran_chockalingam,Chockalingam Viswesvaran,fiu,https://case.fiu.edu/about/directory/profiles/viswesvaran-chockalingam.html,Professor,True,Official FIU I-O team,,QMtjpPAAAAAJ
eaton_asia,Asia A. Eaton,fiu,https://case.fiu.edu/about/directory/profiles/eaton-asia.html,Professor,True,Official FIU I-O team page,,NuAnBdYAAAAJ
dishop_christopher,Christopher R. Dishop,auburn,https://cla.auburn.edu/directory/christopher-dishop/,Assistant Professor,True,Official Auburn I/O people page,,VSTAif8AAAAJ
fan_jinyan,Jinyan Fan,auburn,https://cla.auburn.edu/directory/jinyan-fan/,Professor,True,Official Auburn I/O people page,,OqjKABMAAAAJ
kunstman_jonathan,Jonathan W. Kunstman,auburn,https://cla.auburn.edu/directory/jonathan-kunstman/,Professor,True,Official Auburn I/O people page,,sDvT1HMAAAAJ
lazarte_alejandro,Alejandro A. Lazarte,auburn,https://cla.auburn.edu/directory/alejandro-lazarte/,Associate Professor,True,Official Auburn I/O people page,,
michel_jesse,Jesse S. Michel,auburn,https://cla.auburn.edu/directory/jesse-michel/,Professor,True,Official Auburn I/O people page; program director,,DwPB8h4AAAAJ
sawhney_gargi,Gargi Sawhney,auburn,https://cla.auburn.edu/directory/gargi-sawhney/,Associate Professor,True,Official Auburn I/O people page,,-n9FF_MAAAAJ
svyantek_dan,Dan J. Svyantek,auburn,https://cla.auburn.edu/directory/dan-svyantek/,Professor,True,Official Auburn I/O people page,,
watson_paige,Paige E. Watson,auburn,https://cla.auburn.edu/directory/paige-watson/,Assistant Professor,True,Official Auburn I/O people page,,scnuEpwAAAAJ
hauenstein_neil,Neil M. A. Hauenstein,vt,https://support.psyc.vt.edu/users/nhauen,Professor,False,Official VT: affiliated only; not current I-O training faculty,,
foti_roseanne,Roseanne J. Foti,vt,https://support.psyc.vt.edu/users/rfoti,Professor,True,Official VT I-O doctoral faculty,,3gTEOkYAAAAJ
chen_xiaowen,Xiaowen Chen,slu,https://www.slu.edu/arts-and-sciences/psychology/faculty/xiaowen-chen.php,Assistant Professor,True,Official SLU I-O faculty,,
harvey_richard,Richard D. Harvey,slu,https://www.slu.edu/arts-and-sciences/psychology/faculty/harvey-richard.php,Associate Professor,True,Official SLU I-O faculty,,1TVmkmsAAAAJ
sabin_edward,Edward J. Sabin,slu,https://www.slu.edu/arts-and-sciences/psychology/faculty/sabin-edward.php,Associate Professor,True,Official SLU I-O faculty,,
thomas_candice,Candice L. Thomas,slu,https://www.slu.edu/arts-and-sciences/psychology/-pdf/industrial-organizational-psychology-handbook.pdf,Associate Professor,False,Left SLU July 2025 for Arizona State,,
mcgee_heather,Heather M. McGee,wmu,https://wmich.edu/psychology/directory/mcgee,Professor,True,Official WMU IOBM faculty; program chair; removed Scholar ID BGPQnmAAAAAJ (oncology/immunology Heather McGee; not on homepage),,
martini_kate,Kate Martini,wmu,https://wmich.edu/psychology/directory/martini,Assistant Professor,True,Official WMU IOBM faculty,,
rafacz_sharlet,Sharlet D. Rafacz,wmu,https://wmich.edu/psychology/directory/rafacz,Associate Professor,True,Official WMU IOBM faculty,,
vanhouten_ron,Ron Van Houten,wmu,https://wmich.edu/psychology/directory/vanhouten,Professor,True,Official WMU IOBM faculty,,6OWHfXAAAAAJ
sessa_valerie,Valerie I. Sessa,montclair,https://researchwith.montclair.edu/en/persons/valerie-sessa/,Professor,True,Official Montclair I-O PhD faculty; doctoral director,,NqDo9IYAAAAJ
askew_kevin,Kevin Askew,montclair,https://www.montclair.edu/faculty-staff/kevin-askew,Associate Professor,True,Official Montclair I-O faculty,,
bixter_michael,Michael T. Bixter,montclair,https://researchwith.montclair.edu/en/persons/michael-bixter/,Associate Professor,True,Official Montclair I-O faculty,,QwuSiwEAAAAJ
bragger_jennifer,Jennifer D. Bragger,montclair,https://researchwith.montclair.edu/en/persons/jennifer-bragger/,Professor,True,Official Montclair I-O faculty,,14Q_wJwAAAAJ
gonzalez_manuel,Manuel F. Gonzalez,montclair,https://inside.montclair.edu/directory/manuel-gonzalez,Assistant Professor,True,Official Montclair I-O faculty,,WM-5inkAAAAJ
gray_cheryl,Cheryl E. Gray,montclair,https://www.montclair.edu/profilepages/view_profile.php?username=graych,Assistant Professor,True,Official Montclair I-O faculty,,dtJA5zcAAAAJ
digiovanni_ana,Ana M. DiGiovanni,montclair,https://www.montclair.edu/profilepages/view_profile.php?username=digiovannia,Assistant Professor,True,Official Montclair I-O faculty,,y8Jmtu0AAAAJ
simonet_daniel,Daniel V. Simonet,montclair,https://researchwith.montclair.edu/en/persons/daniel-simonet/,Associate Professor,False,Not on official Montclair I-O PhD Featured Faculty,,
chebangore_yuliya,Yuliya Cheban-Gore,hofstra,https://www.hofstra.edu/applied-organizational-psychology/faculty.html,Assistant Professor,True,Official Hofstra A/O core faculty,,_2_2JZUAAAAJ
grossman_rebecca,Rebecca Grossman,hofstra,https://www.hofstra.edu/applied-organizational-psychology/faculty.html,Associate Professor,True,Official Hofstra A/O core; PhD director,,prsyEcQAAAAJ
nolan_kevin,Kevin P. Nolan,hofstra,https://kevinpnolan3.wixsite.com/website,Associate Professor,True,Official Hofstra A/O core faculty,,
pindek_shani,Shani Pindek,hofstra,https://shanipindek.com/,Associate Professor,True,Official Hofstra A/O core faculty,,_rWzco8AAAAJ
salter_nicholas,Nicholas P. Salter,hofstra,https://sites.hofstra.edu/nicholas-salter/,Associate Professor,True,Official Hofstra A/O core faculty,,csO4BBcAAAAJ
shahanidenning_comila,Comila Shahani-Denning,hofstra,https://www.hofstra.edu/applied-organizational-psychology/faculty.html,Professor,True,Official Hofstra A/O core faculty,,EATozncAAAAJ
liu_cong,Cong Liu,hofstra,https://www.hofstra.edu/psychology/about.html,Professor,False,Not on official Hofstra Applied Organizational Core Faculty,,
chung_helen,Helen Chung,spu,https://spu.edu/academics/college-applied-natural-sciences/graduate-programs/industrial-organizational-psychology-phd,Assistant Professor,True,Official SPU I-O PhD faculty; chair,,
collins_joey,Joey Collins,spu,https://spu.edu/academics/college-applied-natural-sciences/faculty-staff/joey-collins-profile,Assistant Professor,True,Official SPU I-O PhD faculty,,
yost_paul,Paul R. Yost,spu,https://spu.edu/academics/college-applied-natural-sciences/faculty-staff/paul-yost-profile,Associate Professor,True,Official SPU I-O PhD faculty,,
kendall_dana,Dana L. Kendall,spu,https://spu.edu/academics/college-applied-natural-sciences/graduate-programs/industrial-organizational-psychology-phd,Associate Professor,False,Not on current SPU I-O PhD faculty section,,
block_caryn,Caryn J. Block,tc,https://www.tc.columbia.edu/faculty/cjb17/,Professor,True,Official TC Social-Organizational faculty,,ehtj-IYAAAAJ
coleman_peter,Peter T. Coleman,tc,https://www.tc.columbia.edu/faculty/pc84/,Professor,True,Official TC Social-Organizational faculty,,vtAunVIAAAAJ
hewlin_patricia,Patricia Faison Hewlin,tc,https://www.tc.columbia.edu/faculty/pfh2118/,Professor,True,Official TC Social-Organizational faculty,,omJHUc4AAAAJ
noumair_debra,Debra A. Noumair,tc,https://www.tc.columbia.edu/faculty/dn28/,Professor,True,Official TC Social-Organizational faculty,,
perry_elissa,Elissa L. Perry,tc,https://www.tc.columbia.edu/faculty/ep248/,Professor,True,Official TC Social-Organizational faculty,,S9W3XA8AAAAJ
westaby_james,James D. Westaby,tc,https://www.tc.columbia.edu/faculty/jdw43/,Professor,True,Official TC Social-Organizational faculty,,1CloGyAAAAAJ
kenworthy_jared,Jared B. Kenworthy,uta,https://www.uta.edu/academics/faculty/profile?user=kenworthy,Professor,True,Official UTA I-O faculty,,z0AQMNEAAAAJ
martinez_larry,Larry R. Martinez,uta,https://www.uta.edu/academics/faculty/profile?user=larry.martinez,Associate Professor,True,Official UTA I-O faculty,,4CYnkDYAAAAJ
smith_nicholas,Nicholas A. Smith,uta,https://www.uta.edu/academics/faculty/profile?username=smithna,Assistant Professor,True,Official UTA I-O faculty; Scholar ID 404
watts_logan,Logan L. Watts,uta,https://www.uta.edu/academics/faculty/profile?user=logan.watts,Associate Professor,True,Official UTA I-O faculty,,Wp0SaAsAAAAJ
martinraugh_michelle,Michelle P. Martín-Raugh,uta,https://www.uta.edu/academics/faculty/profile?user=michelle.martinraugh,Assistant Professor,True,Official UTA I-O faculty,,lcfVb6EAAAAJ
chang_daisy,Chu-Hsiang (Daisy) Chang,msu,https://psychology.msu.edu/directory/chang-daisy.html,Professor,True,MSU Organizational Psychology faculty,,AVKtyvAAAAAJ
nye_christopher,Christopher D. Nye,msu,https://psychology.msu.edu/directory/nye-christopher.html,Associate Professor,True,MSU Organizational Psychology faculty,,mubiyMIAAAAJ
hoff_kevin,Kevin A. Hoff,msu,https://psychology.msu.edu/directory/hoff-kevin.html,Assistant Professor,True,MSU Organizational Psychology faculty,,fvfo6KwAAAAJ
sheets_tilman,Tilman L. Sheets,latech,https://www.latech.edu/directory/tilman-lee-sheets.php,Professor,True,LaTech I-O faculty; interim department head,,qgFwdgEAAAAJ
toaddy_steven,Steven R. Toaddy,latech,https://www.latech.edu/directory/steven-r-toaddy.php,Associate Professor,True,LaTech I-O faculty,,
igou_frank,Frank Igou,latech,https://education.latech.edu/faculty-staff/psychology-behavioral-sciences/,Associate Professor,False,LaTech directory 404; retired 2024,,
desselles_mitzi,Mitzi Desselles,latech,https://education.latech.edu/faculty-staff/psychology-behavioral-sciences/,Associate Professor,False,Directory title is Project Advisor (Mech Eng); no longer TT I-O faculty,,
costanza_david,David P. Costanza,gwu,https://psychology.columbian.gwu.edu/david-costanza,Associate Professor,False,Psychology affiliate; not Organizational Sciences home-unit core,,
offermann_lynn,Lynn R. Offermann,gwu,https://orgsciandcomm.columbian.gwu.edu/lynn-offermann,Professor,True,Official GWU I-O faculty,,
bisbey_tiffany,Tiffany M. Bisbey,gwu,https://orgsciandcomm.columbian.gwu.edu/tiffany-bisbey,Assistant Professor,True,Official GWU I-O faculty,,qkRhEAYAAAAJ
peng_yisheng,Yisheng Peng,gwu,https://orgsciandcomm.columbian.gwu.edu/people,Assistant Professor,True,Official GWU OS I-O faculty; PhD director,,m1eZdgsAAAAJ
lee_yuehting,Yueh-Ting Lee,siuc,https://academics.siu.edu/human-behavioral/psychology/doctoral/applied.php,Professor,False,Left SIUC; not in 2026-27 catalog (now NDSU),,
jacobs_eric,Eric A. Jacobs,siuc,https://faculty.siu.edu/profiles/j-l/jacobs-eric.php,Associate Professor,False,SIUC Applied not admitting; remaining faculty is behavior analysis not I-O,,
houlfort_nathalie,Nathalie Houlfort,uqam,https://professeurs.uqam.ca/professeur/houlfort.nathalie/,Professor,True,Official UQAM PTO section faculty,,HPgQ300AAAAJ
menard_julie,Julie Ménard,uqam,https://professeurs.uqam.ca/professeur/menard.julie/,Professor,True,Official UQAM PTO section faculty,,Na2bOIwAAAAJ
meunier_sophie,Sophie Meunier,uqam,https://professeurs.uqam.ca/professeur/meunier.sophie,Professor,True,Official UQAM PTO section faculty,,
schattke_kaspar,Kaspar Philipp Schattke,uqam,https://professeurs.uqam.ca/professeur/schattke.kaspar_philipp/,Professor,True,Official UQAM PTO section faculty,,lrRVSy0AAAAJ
taylor_genevieve,Genevieve Taylor,uqam,https://psychologie.uqam.ca/psychologie-du-travail-et-des-organisations/,Professor,False,UQAM PTO listed as externe; home unit Education not Psychology,,
provostsavard_yanick,Yanick Provost Savard,uqam,https://professeurs.uqam.ca/professeur/provost_savard.yanick/,Professor,True,Official UQAM PTO section faculty,,DbEZmbMAAAAJ
daljeet_kabir,Kabir N. Daljeet,umontreal,https://psy.umontreal.ca/repertoire-departement/professeurs/professeur/in/in32568/sg/Kabir%20Daljeet/,Assistant Professor,True,Official UdeM PTO faculty,,n_P4qEIAAAAJ
boivin_mariepier,Marie-Pier Boivin,umontreal,https://psy.umontreal.ca/repertoire-departement/professeurs/professeur/in/in35894/sg/Marie-Pier%20Boivin/,Assistant Professor,True,Official UdeM PTO faculty; Scholar verified email still usherbrooke.ca,,SfcRq7IAAAAJ
boudrias_jeansebastien,Jean-Sébastien Boudrias,umontreal,https://psy.umontreal.ca/repertoire-departement/professeurs/professeur/in/in15006/sg/Jean-S%C3%A9bastien%20Boudrias/,Professor,True,Official UdeM PTO faculty; dept Scholar link a6VwjOkAAAAJ is 404,,y8FyEb4AAAAJ
graditodubord_marcantoine,Marc-Antoine Gradito Dubord,umontreal,https://psy.umontreal.ca/repertoire-departement/professeurs/professeur/in/in37529/sg/Marc-Antoine%20Gradito%20Dubord/,Assistant Professor,True,Official UdeM PTO faculty,0000-0003-4071-5134,mdc1uSUAAAAJ
grenier_simon,Simon Grenier,umontreal,https://psy.umontreal.ca/repertoire-departement/professeurs/professeur/in/in29459/sg/Simon%20Grenier/,Associate Professor,True,Official UdeM PTO faculty; Scholar not listed on dept page,,1Ny4r2MAAAAJ
paquet_maxime,Maxime Paquet,umontreal,https://psy.umontreal.ca/repertoire-departement/professeurs/professeur/in/in29676/sg/Maxime%20Paquet/,Associate Professor,True,Official UdeM PTO faculty; no Scholar profile found,0000-0001-6883-5467,
kwantes_catherine,Catherine T. Kwantes,windsor,https://www.uwindsor.ca/psychology/363/catherine,Professor,True,Windsor Applied Social; I-O,,bH3gHM8AAAAJ
chungyan_greg,Greg A. Chung-Yan,windsor,https://www.uwindsor.ca/psychology/312/full-time-faculty,Associate Professor,True,Windsor Applied Social; I-O,,tpS0JC4AAAAJ
day_arla,Arla L. Day,smu,https://www.smu.ca/psychology/faculty-and-staff.html,Professor,True,Official SMU I-O faculty,,8PBf9psAAAAJ
gilin_debra,Debra Gilin,smu,https://www.smu.ca/psychology/faculty-and-staff.html,Professor,True,Official SMU I-O faculty; grad coordinator,,MhSWUxUAAAAJ
holmvall_camilla,Camilla M. Holmvall,smu,https://www.smu.ca/researchers/sobey/profiles/camilla-holmvall.html,Associate Professor,True,Official SMU I-O faculty,,ZiTK7RgAAAAJ
kocum_lucie,Lucie Kocum,smu,https://www.smu.ca/psychology/faculty-and-staff.html,Associate Professor,True,Official SMU I-O faculty,,W2qysFUAAAAJ
lukacik_edenraye,Eden-Raye Lukacik,smu,https://www.smu.ca/psychology/faculty-and-staff.html,Assistant Professor,True,Official SMU I-O faculty,,DNa_9JIAAAAJ
roulin_nicolas,Nicolas Roulin,smu,https://www.smu.ca/researchers/science/profiles/nicolas-roulin.html,Professor,True,Official SMU I-O faculty,,SM-FgnMAAAAJ
fleming_mark,Mark Fleming,smu,http://smu-facweb.smu.ca/~mfleming/web/about.html,Professor,True,Official SMU; CN Professor of Safety Culture,,
benson_alex,Alex J. Benson,western,https://www.psychology.uwo.ca/people/faculty/benson.html,Associate Professor,True,Official Western I/O core faculty,,ey9Rd5YAAAAJ
espinoza_jose,Jose A. Espinoza,western,https://www.psychology.uwo.ca/people/faculty/espinoza.html,Assistant Professor,True,Official Western I/O core faculty,,i5sc9xwAAAAJ
evans_blair,M. Blair Evans,western,https://www.psychology.uwo.ca/research/io/contact.html,Associate Professor,True,Official Western I/O core; area chair,,htD1_KIAAAAJ
meyer_john,John P. Meyer,western,https://psychology.uwo.ca/people/faculty/Meyer.html,Professor,True,Official Western I/O core faculty,0000-0001-8377-2003,YUHwYTAAAAAJ
diefendorff_james,James M. Diefendorff,uakron,https://www.uakron.edu/psychology/faculty-staff/,Professor,False,Left Akron June 2026 for University of Arkansas Walton College,,
siuta_rose,Rose L. Siuta,uakron,https://www.uakron.edu/psychology/faculty-staff/,Assistant Professor,True,Official Akron I/O faculty,,
thorntonlugo_meghan,Meghan A. Thornton-Lugo,uakron,https://www.uakron.edu/psychology/faculty-staff/,Assistant Professor,True,Official Akron I/O faculty,,iv8X37AAAAAJ
snell_andrea,Andrea F. Snell,uakron,https://www.uakron.edu/psychology/faculty-staff/,Associate Professor,True,Official Akron I/O faculty,,W39kP8YAAAAJ
grandey_alicia,Alicia A. Grandey,psu,https://psych.la.psu.edu/people/aag6/,Professor,True,Official PSU I-O faculty; area coordinator,,TYnFrXMAAAAJ
brooks_ricardo,Ricardo R. Brooks,psu,https://psych.la.psu.edu/people/ricardo-brooks/,Assistant Professor,True,Official PSU I-O doctoral faculty,,Pi2a1hkAAAAJ
graham_baylor,Baylor A. Graham,psu,https://psych.la.psu.edu/people/baylor-graham/,Assistant Professor,True,Official PSU I-O doctoral faculty,,3_-_jfIAAAAJ
simkins_susan,Susan J. Simkins,psu,https://psych.la.psu.edu/people/sxm40/,Professor,True,Official PSU I-O doctoral faculty; formerly Mohammed,,jHzOVXYAAAAJ
caird_jeff,Jeff K. Caird,calgary,https://profiles.ucalgary.ca/jeffrey-caird,Professor,True,Official Calgary I/O research area,,J_4nig0AAAAJ
lee_kibeom,Kibeom Lee,calgary,https://profiles.ucalgary.ca/kibeom-lee,Professor,True,Official Calgary I/O research area; Scholar ID 404
murry_adam,Adam T. Murry,calgary,https://profiles.ucalgary.ca/adam-murry,Associate Professor,True,Official Calgary I/O research area,,xqiCRnIAAAAJ
kaplan_seth,Seth A. Kaplan,gmu,https://psychology.gmu.edu/people/skaplan1,Professor,True,Official GMU I-O faculty,,Qlhi2hEAAAAJ
ahmad_afra,Afra Saeed Ahmad,gmu,https://io.gmu.edu/people,Associate Professor,False,GMU full-time I-O but not tenure-line (MPS director),,
kuykendall_lauren,Lauren E. Kuykendall,gmu,https://psychology.gmu.edu/people/lkuykend,Associate Professor,True,Official GMU I-O faculty; area director,,w1u2dLoAAAAJ
lee_philseok,Philseok Lee,gmu,https://psychology.gmu.edu/people/plee27,Associate Professor,True,Official GMU I-O faculty,,aNGET7sAAAAJ
liang_yijue,Yijue Liang,gmu,https://psychology.gmu.edu/people/yliang21,Assistant Professor,True,Official GMU I-O faculty,,HRORhnAAAAAJ
rupp_deborah,Deborah E. Rupp,gmu,https://psychology.gmu.edu/people/drupp2,Professor,True,Official GMU I-O faculty,,ioOrO_MAAAAJ
savage_nastassia,Nastassia Savage,gmu,https://io.gmu.edu/people,Assistant Professor,False,GMU full-time I-O but not on tenure-line faculty list,,
stagl_kevin,Kevin C. Stagl,gmu,https://io.gmu.edu/people,Associate Professor,False,GMU full-time I-O but not on tenure-line faculty list,,
clark_malissa,Malissa A. Clark,uga,https://www.psychology.uga.edu/directory/people/malissa-clark,Professor,True,Official UGA I-O PhD faculty; department head,,WqcFrlsAAAAJ
he_yimin,Yimin He,uga,https://www.psychology.uga.edu/directory/people/yimin-he,Associate Professor,True,Official UGA I-O PhD faculty,,ECRFCggAAAAJ
outland_neal,Neal Outland,uga,https://psyc.franklin.uga.edu/directory/industrial-organizational-phd-program-faculty,Assistant Professor,False,Not on official UGA I-O PhD faculty directory (2026-08),,
robertson_melissa,Melissa M. Robertson,uga,https://www.psychology.uga.edu/directory/people/melissa-robertson,Assistant Professor,True,Official UGA I-O PhD faculty,,GxOOhMwAAAAJ
bergman_mindy,Mindy E. Bergman,tamu,https://artsci.tamu.edu/psychological-brain-sciences/contact/profiles/mindy-bergman.html,Professor,True,Official TAMU I/O core faculty,,G-AO9gsAAAAJ
hughes_ian,Ian M. Hughes,tamu,https://artsci.tamu.edu/psychological-brain-sciences/contact/profiles/ian-hughes.html,Assistant Professor,True,Official TAMU I/O core faculty,,GynUkBgAAAAJ
zhu_ze,Ze (Mia) Zhu,tamu,https://artsci.tamu.edu/psychological-brain-sciences/contact/profiles/ze-mia-zhu.html,Assistant Professor,True,Official TAMU I/O core faculty,,nHECmAQAAAAJ
barratt_clare,Clare L. Barratt,bgsu,https://www.bgsu.edu/arts-and-sciences/psychology/people/cbarratt.html,Associate Professor,True,Official BGSU I-O core faculty,,MLDrYREAAAAJ
mcabee_samuel,Samuel T. McAbee,bgsu,https://www.bgsu.edu/arts-and-sciences/psychology/people/samuel-mcabee.html,Associate Professor,True,Official BGSU I-O core faculty,,JKCK2p0AAAAJ
keith_melissa,Melissa G. Keith,bgsu,https://www.bgsu.edu/arts-and-sciences/psychology/people/melissa-keith.html,Associate Professor,True,Official BGSU I-O core faculty,,ix0bMCcAAAAJ
zhang_bo,Bo Zhang,uiuc,https://psychology.illinois.edu/directory/profile/bozhang3,Associate Professor,True,UIUC I-O / LER joint,,S4qQ-3AAAAAJ
min_hanyi,Hanyi Min,uiuc,https://psychology.illinois.edu/news/2024-01-30t034853/new-faculty-profile-assistant-professor-hanyi-min,Assistant Professor,True,UIUC I-O / LER joint,,WhlHwoEAAAAJ
alexander_leo,Leo Alexander III,uiuc,https://psychology.illinois.edu/directory/profile/leoa2,Assistant Professor,True,UIUC I-O / LER joint,,oNYBNlcAAAAJ
calderwood_charles,Charles Calderwood,vt,https://support.psyc.vt.edu/users/ccharl2,Associate Professor,True,Official VT I-O training faculty,,yIMzglsAAAAJ
hernandez_ivan,Ivan Hernandez,vt,https://support.psyc.vt.edu/users/ivanhernandez,Associate Professor,True,Official VT I-O area director,,ANFTuKYAAAAJ
hickman_louis,Louis Hickman,vt,https://support.psyc.vt.edu/users/louishickman,Assistant Professor,True,Official VT I-O training faculty,,wluq3hgRc10C
hsu_ning,Ning Hsu,vt,https://support.psyc.vt.edu/users/ningh,Assistant Professor,True,Official VT I-O training faculty,,PpNCyiwAAAAJ
melsonsilimon_arturia,Arturia Melson-Silimon,vt,https://support.psyc.vt.edu/users/arturiam,Assistant Professor,True,Official VT I-O training faculty,,UZ_ImyQAAAAJ
carver_sarah,Sarah J. Carver,guelph,https://www.uoguelph.ca/profile/sarah-carver,Assistant Professor,True,Official Guelph I-O directory; formerly SMU,,i7T9I6AAAAAJ
gill_harjinder,Harjinder Gill,guelph,https://www.uoguelph.ca/psychology/users/harjinder-gill,Associate Professor,True,Official Guelph I-O directory,,0hrcjSkAAAAJ
spence_jeffrey,Jeffrey R. Spence,guelph,https://www.uoguelph.ca/psychology/users/jeffrey-spence,Professor,True,Official Guelph I-O directory,,HeyarCAAAAAJ
stanley_david,David J. Stanley,guelph,https://www.uoguelph.ca/profile/david-stanley,Associate Professor,True,Official Guelph I-O directory,,krwVUm4AAAAJ
reichin_sydney,Sydney L. Reichin,ncsu,https://chass.ncsu.edu/people/slreichi/,Assistant Professor,True,Official NC State I-O faculty group,0000-0003-1143-6056,X-RXoNwAAAAJ
phetmisy_cassandra,Cassandra Phetmisy,umd,https://psyc.umd.edu/facultyprofile/phetmisy/cassandra,Assistant Professor,True,Official UMD SDOS / I-O faculty,,wCqCJlgAAAAJ
yang_zhixu,Zhixu (Rick) Yang,baruch,https://www.baruch.cuny.edu/profiles/faculty/Zhixu-Yang,Assistant Professor,True,CUNY GC I-O handbook 2025-26 faculty; Baruch FT,,0v2kCQEAAAAJ
kowalski_robin,Robin Kowalski,clemson,https://www.clemson.edu/cbshs/about/profiles/index.html?userid=RKOWALS,Professor,True,Official Clemson I-O faculty list,,IroDjIkAAAAJ
pury_cynthia,Cynthia Pury,clemson,https://www.clemson.edu/cbshs/about/profiles/index.html?userid=CPURY,Professor,True,Official Clemson I-O faculty list,,jstExUUAAAAJ
raymark_patrick,Patrick Raymark,clemson,https://www.clemson.edu/cbshs/about/profiles/index.html?userid=PRAYMAR,Professor,True,Official Clemson I-O faculty list; department chair,,DUaGhN8AAAAJ
shuffler_marissa,Marissa Shuffler,clemson,https://www.clemson.edu/cbshs/about/profiles/index.html?userid=MSHUFFL,Professor,True,Official Clemson I-O faculty list,,Pv6vHP8AAAAJ
traylor_allison,Allison Traylor,clemson,https://www.clemson.edu/cbshs/about/profiles/index.html?userid=amtrayl,Assistant Professor,True,Official Clemson I-O faculty list,,9FhHossAAAAJ
chang_yingyi,Yingyi Chang,wayne,https://clasprofiles.wayne.edu/profile/hw8970,Assistant Professor,True,Official Wayne CLAS: Assistant Professor of I-O Psychology (2024 hire),,3FuemZsAAAAJ
kreamer_liana,Liana Kreamer,fit,https://www.fit.edu/faculty-profiles/k/kreamer-liana/,Assistant Professor,True,Official FIT I/O faculty,,VjT01dEAAAAJ
yavorsky_jill,Jill Yavorsky,uncc,https://orgscience.charlotte.edu/directory/jill-yavorsky/,Associate Professor,True,Official OS faculty; associate director,,3qAsZVAAAAAJ
kronberg_annekathrin,Anne-Kathrin Kronberg,uncc,https://orgscience.charlotte.edu/directory/anne-kathrin-kronberg/,Associate Professor,True,Official OS faculty,,IyB0NnsAAAAJ
scott_cliff,Cliff Scott,uncc,https://orgscience.charlotte.edu/directory/cliff-scott/,Professor,True,Official OS faculty; Scholar ID from Clifton W. Scott UNCC profile,,icbUKFkAAAAJ
kung_franki,Franki Y. H. Kung,purdue,https://hhs.purdue.edu/directory/franki-y-h-kung/,Associate Professor,True,Official Purdue I-O program people page,,sw-zZF0AAAAJ
harriswatson_alex,Alexandra Harris-Watson,purdue,https://hhs.purdue.edu/directory/alexandra-harris-watson/,Assistant Professor,True,Official Purdue I-O program people page,0000-0001-6136-8069,VaqrGQoAAAAJ
macnamara_brooke,Brooke N. Macnamara,purdue,https://hhs.purdue.edu/directory/brooke-macnamara/,Associate Professor,True,Official Purdue I-O program people page,,dKPihKcAAAAJ
silver_elisabeth,Elisabeth Silver,msu,https://psychology.msu.edu/news-events/news/elisabeth-silver.html,Assistant Professor,True,Official MSU news 2025-10: new Organizational Psychology TT,,JrigXcIAAAAJ
baker_nathan,Nathan Baker,wright,https://people.wright.edu/nathan.baker,Assistant Professor,True,Official Wright people profile; joined 2025,,TnosyFsAAAAJ
rudolph_cort,Cort W. Rudolph,wayne,https://clasprofiles.wayne.edu/profile/az0662,Professor,True,Official Wayne CLAS: Professor of I-O Psychology,,Z9W6egsAAAAJ
reed_brent,Brent Reed,uncc,https://orgscience.charlotte.edu/directory/brent-reed/,Assistant Professor,True,Official OS faculty; Psychological Science 2025 hire,,9kHbKL8AAAAJ
walker_lisa,Lisa Slattery Walker,uncc,https://orgscience.charlotte.edu/directory/lisa-slattery-walker/,Professor,True,Official OS faculty,,_DnBkXMAAAAJ
woehr_david,David J. Woehr,uncc,https://orgscience.charlotte.edu/directory/dave-woehr/,Professor,True,Official OS faculty,,vdt4FQsAAAAJ
allen_shalene,Shalene Allen,ksu,https://www.k-state.edu/psych/about/people/faculty/allen/,Assistant Professor,True,Official K-State I-O faculty table; joined 2024,,jnj5k-QAAAAJ
lee_jin,Jin Lee,ksu,https://www.k-state.edu/psych/about/people/faculty/lee/index.html,Associate Professor,True,Official K-State I-O faculty table; program director,,aWmsLwoAAAAJ
tu_naidan,Naidan Tu,ksu,https://www.k-state.edu/psych/about/people/faculty/tu/index.html,Assistant Professor,True,Official K-State I-O faculty table,,OsxbqScAAAAJ
magley_vicki,Vicki Magley,uconn,https://psychology.uconn.edu/person/vicki-magley/,Professor,True,Official UConn I-O tag page; I-O program director,,2T1ZakYAAAAJ
henning_robert,Robert Henning,uconn,https://psychology.uconn.edu/person/robert-henning/,Associate Professor,True,Official UConn I-O tag page,,
zhang_don,Don Zhang,lsu,https://www.lsu.edu/hss/psychology/faculty/industrial/zhang.php,Associate Professor,True,Official LSU I-O core faculty; program director,,GTukwAEAAAAJ
burke_vanessa,Vanessa Burke,lsu,https://www.lsu.edu/hss/psychology/faculty/industrial/vanessa_burke.php,Assistant Professor,True,Official LSU I-O core faculty,,XaLQFUMAAAAJ
cobb_haley,Haley Cobb,lsu,https://lsu.edu/hss/psychology/faculty/industrial/cobb.php,Assistant Professor,True,Official LSU I-O core faculty,,IWPXrZUAAAAJ
probst_tahira,Tahira M. Probst,wsu,https://psychology.wsu.edu/research-labs/wsu-profile/probst/,Professor,True,Official WSU Psychological Science I-O associated faculty; Scholar ID from CHEW lab page,,te6Pf2UAAAAJ
