faculty_id,name,institution_id,google_scholar_id
sackett_paul,Paul R. Sackett,umn,TXKXrhYAAAAJ
kuncel_nathan,Nathan R. Kuncel,umn,Li_99XsAAAAJ
landers_richard,Richard N. Landers,umn,wMsVHFYAAAAJ
ones_deniz,Deniz S. Ones,umn,RfAFQMQAAAAJ
schmidt_aaron,Aaron M. Schmidt,umn,
ford_kevin,J. Kevin Ford,msu,eXNjTPIAAAAJ
carter_nathan,Nathan T. Carter,msu,QIjATukAAAAJ
newman_daniel,Daniel A. Newman,uiuc,CrOaqpsAAAAJ
highhouse_scott,Scott Highhouse,bgsu,-n4MwyUAAAAJ
brooks_margaret,Margaret E. Brooks,bgsu,Tz9tznkAAAAJ
zickar_michael,Michael J. Zickar,bgsu,obkeqTgAAAAJ
levy_paul,Paul E. Levy,uakron,KnOIC2AAAAAJ
elicker_joelle,Joelle D. Elicker,uakron,D7_KI6oAAAAJ
lebreton_james,James M. LeBreton,rice,RXXhYO0AAAAJ
beier_margaret,Margaret E. Beier,rice,h9TnggYAAAAJ
brossoit_rebecca,Rebecca Brossoit,rice,2_YzRxkAAAAJ
hebl_mikki,Michelle R. Hebl,rice,CCOSnCEAAAAJ
king_danielle,Danielle King Jordan,rice,qS6aIMUAAAAJ
king_eden,Eden B. King,rice,6gtdKWcAAAAJ
salas_eduardo,Eduardo Salas,rice,pzOYmE0AAAAJ
sun_tianjun,Tianjun Sun,rice,dn24ECQAAAAJ
zaccaro_stephen,Stephen J. Zaccaro,gmu,EtEt5w0AAAAJ
dalal_reeshad,Reeshad S. Dalal,gmu,QkDLr-MAAAAJ
hoffman_brian,Brian J. Hoffman,uga,lnPPKZUAAAAJ
olenick_jeffrey,Jeffrey Olenick,uga,j2_Rn98AAAAJ
arthur_winfred,Winfred Arthur Jr.,tamu,TjxUECcAAAAJ
payne_stephanie,Stephanie C. Payne,tamu,ilhYOKgAAAAJ
allen_tammy,Tammy D. Allen,usf,C8nePQUAAAAJ
chao_georgia,Georgia T. Chao,usf,pOWIQxgAAAAJ
gillespie_michael,Michael A. Gillespie,usf,PxNBgYUAAAAJ
griffin_daniel,Daniel Griffin,usf,Vplvdo0AAAAJ
hou_daphne,Daphne Xin Hou,usf,OCBbe2QAAAAJ
kozlowski_steve,Steve W. J. Kozlowski,usf,XEjiPNEAAAAJ
smith_claire,Claire E. Smith,usf,olYdTMEAAAAJ
stark_stephen,Stephen Stark,usf,D7710wUAAAAJ
woo_sang,Sang Eun Woo,purdue,NRkfBhQAAAAJ
tay_louis,Louis Tay,purdue,5_1xpscAAAAJ
brummel_bradley,Bradley J. Brummel,uh,s4jQwowAAAAJ
sabat_isaac,Isaac E. Sabat,uh,A0Mhl98AAAAJ
mehta_paras,Paras D. Mehta,uh,4tefno0AAAAJ
litson_kaylee,Kaylee Litson,uh,2Te_TMEAAAAJ
reyes_denise,Denise L. Reyes,uh,iaXc6NYAAAAJ
dik_bryan,Bryan J. Dik,csu,lJz8HB4AAAAJ
fisher_gwen,Gwenith G. Fisher,csu,MU4Y7VYAAAAJ
fletcher_keaton,Keaton A. Fletcher,csu,Z38glpIAAAAJ
french_kimberly,Kimberly A. French,csu,ekl67gcAAAAJ
gardner_danielle,Danielle M. Gardner,csu,CumJXukAAAAJ
gibbons_alyssa,Alyssa M. Gibbons,csu,
prasad_josh,Joshua J. Prasad,csu,JVRH_s0AAAAJ
tonidandel_scott,Scott Tonidandel,uncc,EzgIBbcAAAAJ
rogelberg_steven,Steven G. Rogelberg,uncc,XXtn9GcWxe4C
mcgonagle_alyssa,Alyssa McGonagle,uncc,ZbSzNS8AAAAJ
banks_george,George C. Banks,uncc,EWgu-gQAAAAJ
gooty_janaki,Janaki Gooty,uncc,tYlf9PIAAAAJ
blanchard_anita,Anita L. Blanchard,uncc,mnEZIz4AAAAJ
canevello_amy,Amy Canevello,uncc,72zO0DEAAAAJ
davenport_meghan,Meghan K. Davenport,uncc,d0dT5rMAAAAJ
endacott_camille,Camille G. Endacott,uncc,zdGitIIAAAAJ
gossett_loril,Loril M. Gossett,uncc,b94s48AAAAAJ
grant_ryan,Ryan Grant,uncc,
heggestad_eric,Eric D. Heggestad,uncc,Ha40ALIAAAAJ
jason_kendra,Kendra Jason,uncc,xCxqw-sAAAAJ
dickson_marcus,Marcus W. Dickson,wayne,xhXn61QAAAAJ
adair_wendi,Wendi L. Adair,waterloo,xmuke10AAAAJ
beck_james,James W. Beck,waterloo,
bobocel_ramona,D. Ramona Bobocel,waterloo,hANFxFIAAAAJ
brown_douglas,Douglas J. Brown,waterloo,VH40jFYAAAAJ
hillebrandt_annika,Annika Hillebrandt,waterloo,GaU_pnoAAAAJ
bourdage_joshua,Joshua S. Bourdage,calgary,4zIeRX4AAAAJ
oneill_thomas,Thomas A. O'Neill,calgary,nYMDbHgAAAAJ
kelloway_kevin,E. Kevin Kelloway,smu,k_Lo5MQAAAAJ
powell_deborah,Deborah M. Powell,guelph,FiQg1SgAAAAJ
hausdorf_peter,Peter A. Hausdorf,guelph,tat03s0AAAAJ
sonhing_leanne,Leanne S. Son Hing,guelph,
ackerman_phillip,Phillip L. Ackerman,gatech,YCmbxfIAAAAJ
wiese_christopher,Christopher W. Wiese,gatech,sYILK6YAAAAJ
meade_adam,Adam W. Meade,ncsu,o3ZbR_0AAAAJ
craig_bart,S. Bartholomew Craig,ncsu,UogJDo8AAAAJ
foster_lori,Lori Foster,ncsu,
albritton_betsy,Betsy Albritton,clemson,
britt_thomas,Thomas W. Britt,clemson,hlEVHFEAAAAJ
vanfossen_jenna,Jenna Van Fossen,clemson,h1WiANIAAAAJ
rosopa_patrick,Patrick J. Rosopa,clemson,k9FadEgAAAAJ
sinclair_robert,Robert R. Sinclair,clemson,p5lATEUAAAAJ
taylor_maryanne,Mary Anne Taylor,clemson,
ehrhart_mark,Mark G. Ehrhart,ucf,9ER5GqgAAAAJ
bowling_nathan,Nathan A. Bowling,ucf,MGKS_rYAAAAJ
fritzsche_barbara,Barbara A. Fritzsche,ucf,2xypKcwAAAAJ
lenoble_chelsea,Chelsea LeNoble,ucf,uN9yD3IAAAAJ
shoss_mindy,Mindy K. Shoss,ucf,0MfACZAAAAAJ
su_shiyang,Shiyang Su,ucf,QgTb0MMAAAAJ
goldstein_harold,Harold W. Goldstein,baruch,
cohencharash_yochi,Yochi Cohen-Charash,baruch,z9zdLDIAAAAJ
scherbaum_charles,Charles A. Scherbaum,baruch,UsVFH7cAAAAJ
wang_wei,Wei Wang,baruch,DwxPR9AAAAAJ
chatterjee_dia,Dia Chatterjee,baruch,
godollei_anna,Anna Godollei,baruch,s-GZAy8AAAAJ
bazzoli_andrea,Andrea Bazzoli,baruch,zu8Us98AAAAJ
crain_tori,Tori L. Crain,pdx,qUIckLcAAAAJ
paolettihatcher_jensine,Jensine Paoletti-Hatcher,pdx,J_GbL8MAAAAJ
randall_jason,Jason G. Randall,pdx,cT8LWcUAAAAJ
yang_liuqin,Liu-Qin Yang,pdx,arBLOxAAAAAJ
hanges_paul,Paul J. Hanges,umd,oEWUNuMAAAAJ
grand_james,James A. Grand,umd,Y1w9_1oAAAAJ
wessel_jennifer,Jennifer L. Wessel,umd,m_tEihAAAAAJ
lahuis_david,David M. LaHuis,wright,_Q1k5eoAAAAJ
miller_corey,Corey E. Miller,wright,
steelejohnson_debra,Debra Steele-Johnson,wright,
christiansen_neil,Neil D. Christiansen,cmich,
obrien_kimberly,Kimberly E. O'Brien,cmich,-K55amsAAAAJ
prewett_matthew,Matthew S. Prewett,cmich,vqpmPQsAAAAJ
burns_gary,Gary N. Burns,fit,fQpVNQUAAAAJ
converse_patrick,Patrick D. Converse,fit,15WPB2EAAAAJ
griffith_richard,Richard L. Griffith,fit,PDhejLwAAAAJ
steelman_lisa,Lisa A. Steelman,fit,vxmpMEgAAAAJ
thayer_amanda,Amanda L. Thayer,fit,zBaf1WIAAAAJ
wildman_jessica,Jessica L. Wildman,fit,_JYUCtgAAAAJ
durik_amanda,Amanda M. Durik,niu,FyOITO0AAAAJ
finkelstein_lisa,Lisa M. Finkelstein,niu,XpM3TEsAAAAJ
mccarthy_randy,Randy J. McCarthy,niu,5ONVkm8AAAAJ
saef_rachel,Rachel Saef,niu,8JJtf4YAAAAJ
sagarin_brad,Brad J. Sagarin,niu,9IlYGZAAAAAJ
santuzzi_alecia,Alecia M. Santuzzi,niu,67qtXloAAAAJ
valle_ibette,Ibette Valle,niu,K5SadLoAAAAJ
connelly_shane,Shane Connelly,ou,tBFPdoIAAAAJ
day_eric,Eric A. Day,ou,tsxoQYQAAAAJ
he_yaqing,Yaqing He,ou,
kim_jeongjin,JeongJin Kim,ou,3312EoQAAAAJ
snyder_lori,Lori Anderson Snyder,ou,
cartersowell_adrienne,Adrienne R. Carter-Sowell,ou,tGwBI80AAAAJ
ayman_roya,Roya Ayman,iit,hPFmocsAAAAJ
bauer_kristina,Kristina N. Bauer,iit,4C46sfcAAAAJ
morris_scott,Scott B. Morris,iit,aiWrHTkAAAAJ
halpert_jane,Jane A. Halpert,depaul,
katz_ian,Ian M. Katz,depaul,ywGflxEAAAAJ
rauvola_shelly,R. Shelly Rauvola,depaul,1ANFTW8AAAAJ
stuhlmacher_alice,Alice F. Stuhlmacher,depaul,IHuBNAoAAAAJ
roch_sylvia,Sylvia G. Roch,ualbany,zErez8gAAAAJ
dalal_dev,Dev K. Dalal,ualbany,GoXKNzcAAAAJ
williams_kevin,Kevin J. Williams,ualbany,18FQvm8AAAAJ
cheung_hokwan,Ho Kwan Cheung,calgary,JwM1yyEAAAAJ
reiterpalmon_roni,Roni Reiter-Palmon,unomaha,k74dhjEAAAAJ
folberg_abigail,Abigail M. Folberg,unomaha,iRqlSY8AAAAJ
hunter_samuel,Samuel T. Hunter,unomaha,uJpT238AAAAJ
kramer_william,William S. Kramer,unomaha,4N5qvy4AAAAJ
nguyen_tin,Tin L. Nguyen,unomaha,2EwFZG0AAAAJ
saxena_mahima,Mahima Saxena,unomaha,t2znOwkAAAAJ
narayan_anupama,Anupama Narayan,utulsa,fHcB5e4AAAAJ
lee_juseob,Juseob Lee,utulsa,q9B3GQUAAAAJ
thapa_stuti,Stuti Thapa,utulsa,xJRhc0sAAAAJ
bruklee_valentina,Valentina Bruk-Lee,fiu,bxj2rK8AAAAJ
viswesvaran_chockalingam,Chockalingam Viswesvaran,fiu,QMtjpPAAAAAJ
eaton_asia,Asia A. Eaton,fiu,NuAnBdYAAAAJ
dishop_christopher,Christopher R. Dishop,auburn,VSTAif8AAAAJ
fan_jinyan,Jinyan Fan,auburn,OqjKABMAAAAJ
kunstman_jonathan,Jonathan W. Kunstman,auburn,sDvT1HMAAAAJ
lazarte_alejandro,Alejandro A. Lazarte,auburn,
michel_jesse,Jesse S. Michel,auburn,DwPB8h4AAAAJ
sawhney_gargi,Gargi Sawhney,auburn,-n9FF_MAAAAJ
svyantek_dan,Dan J. Svyantek,auburn,
watson_paige,Paige E. Watson,auburn,scnuEpwAAAAJ
foti_roseanne,Roseanne J. Foti,vt,3gTEOkYAAAAJ
chen_xiaowen,Xiaowen Chen,slu,
harvey_richard,Richard D. Harvey,slu,1TVmkmsAAAAJ
sabin_edward,Edward J. Sabin,slu,
mcgee_heather,Heather M. McGee,wmu,
martini_kate,Kate Martini,wmu,
rafacz_sharlet,Sharlet D. Rafacz,wmu,
vanhouten_ron,Ron Van Houten,wmu,6OWHfXAAAAAJ
sessa_valerie,Valerie I. Sessa,montclair,NqDo9IYAAAAJ
askew_kevin,Kevin Askew,montclair,
bixter_michael,Michael T. Bixter,montclair,QwuSiwEAAAAJ
bragger_jennifer,Jennifer D. Bragger,montclair,14Q_wJwAAAAJ
gonzalez_manuel,Manuel F. Gonzalez,montclair,WM-5inkAAAAJ
gray_cheryl,Cheryl E. Gray,montclair,dtJA5zcAAAAJ
digiovanni_ana,Ana M. DiGiovanni,montclair,y8Jmtu0AAAAJ
chebangore_yuliya,Yuliya Cheban-Gore,hofstra,_2_2JZUAAAAJ
grossman_rebecca,Rebecca Grossman,hofstra,s4feQ-wAAAAJ
nolan_kevin,Kevin P. Nolan,hofstra,
pindek_shani,Shani Pindek,hofstra,_rWzco8AAAAJ
salter_nicholas,Nicholas P. Salter,hofstra,csO4BBcAAAAJ
shahanidenning_comila,Comila Shahani-Denning,hofstra,EATozncAAAAJ
chung_helen,Helen Chung,spu,
collins_joey,Joey Collins,spu,
yost_paul,Paul R. Yost,spu,
block_caryn,Caryn J. Block,tc,ehtj-IYAAAAJ
coleman_peter,Peter T. Coleman,tc,vtAunVIAAAAJ
hewlin_patricia,Patricia Faison Hewlin,tc,omJHUc4AAAAJ
noumair_debra,Debra A. Noumair,tc,
perry_elissa,Elissa L. Perry,tc,S9W3XA8AAAAJ
westaby_james,James D. Westaby,tc,1CloGyAAAAAJ
kenworthy_jared,Jared B. Kenworthy,uta,z0AQMNEAAAAJ
martinez_larry,Larry R. Martinez,uta,4CYnkDYAAAAJ
smith_nicholas,Nicholas A. Smith,uta,
watts_logan,Logan L. Watts,uta,Wp0SaAsAAAAJ
martinraugh_michelle,Michelle P. Martín-Raugh,uta,lcfVb6EAAAAJ
chang_daisy,Chu-Hsiang (Daisy) Chang,msu,AVKtyvAAAAAJ
nye_christopher,Christopher D. Nye,msu,mubiyMIAAAAJ
hoff_kevin,Kevin A. Hoff,msu,fvfo6KwAAAAJ
sheets_tilman,Tilman L. Sheets,latech,qgFwdgEAAAAJ
toaddy_steven,Steven R. Toaddy,latech,
offermann_lynn,Lynn R. Offermann,gwu,
bisbey_tiffany,Tiffany M. Bisbey,gwu,qkRhEAYAAAAJ
peng_yisheng,Yisheng Peng,gwu,m1eZdgsAAAAJ
houlfort_nathalie,Nathalie Houlfort,uqam,HPgQ300AAAAJ
menard_julie,Julie Ménard,uqam,Na2bOIwAAAAJ
meunier_sophie,Sophie Meunier,uqam,
schattke_kaspar,Kaspar Philipp Schattke,uqam,lrRVSy0AAAAJ
provostsavard_yanick,Yanick Provost Savard,uqam,DbEZmbMAAAAJ
daljeet_kabir,Kabir N. Daljeet,umontreal,n_P4qEIAAAAJ
boivin_mariepier,Marie-Pier Boivin,umontreal,SfcRq7IAAAAJ
boudrias_jeansebastien,Jean-Sébastien Boudrias,umontreal,y8FyEb4AAAAJ
graditodubord_marcantoine,Marc-Antoine Gradito Dubord,umontreal,mdc1uSUAAAAJ
grenier_simon,Simon Grenier,umontreal,1Ny4r2MAAAAJ
paquet_maxime,Maxime Paquet,umontreal,
kwantes_catherine,Catherine T. Kwantes,windsor,bH3gHM8AAAAJ
chungyan_greg,Greg A. Chung-Yan,windsor,tpS0JC4AAAAJ
day_arla,Arla L. Day,smu,8PBf9psAAAAJ
gilin_debra,Debra Gilin,smu,MhSWUxUAAAAJ
holmvall_camilla,Camilla M. Holmvall,smu,ZiTK7RgAAAAJ
kocum_lucie,Lucie Kocum,smu,W2qysFUAAAAJ
lukacik_edenraye,Eden-Raye Lukacik,smu,DNa_9JIAAAAJ
roulin_nicolas,Nicolas Roulin,smu,SM-FgnMAAAAJ
fleming_mark,Mark Fleming,smu,
benson_alex,Alex J. Benson,western,ey9Rd5YAAAAJ
espinoza_jose,Jose A. Espinoza,western,i5sc9xwAAAAJ
evans_blair,M. Blair Evans,western,htD1_KIAAAAJ
meyer_john,John P. Meyer,western,YUHwYTAAAAAJ
siuta_rose,Rose L. Siuta,uakron,
thorntonlugo_meghan,Meghan A. Thornton-Lugo,uakron,iv8X37AAAAAJ
snell_andrea,Andrea F. Snell,uakron,W39kP8YAAAAJ
grandey_alicia,Alicia A. Grandey,psu,TYnFrXMAAAAJ
brooks_ricardo,Ricardo R. Brooks,psu,Pi2a1hkAAAAJ
graham_baylor,Baylor A. Graham,psu,3_-_jfIAAAAJ
simkins_susan,Susan J. Simkins,psu,jHzOVXYAAAAJ
lee_kibeom,Kibeom Lee,calgary,
murry_adam,Adam T. Murry,calgary,xqiCRnIAAAAJ
kaplan_seth,Seth A. Kaplan,gmu,Qlhi2hEAAAAJ
kuykendall_lauren,Lauren E. Kuykendall,gmu,w1u2dLoAAAAJ
lee_philseok,Philseok Lee,gmu,aNGET7sAAAAJ
liang_yijue,Yijue Liang,gmu,HRORhnAAAAAJ
rupp_deborah,Deborah E. Rupp,gmu,ioOrO_MAAAAJ
clark_malissa,Malissa A. Clark,uga,WqcFrlsAAAAJ
he_yimin,Yimin He,uga,ECRFCggAAAAJ
robertson_melissa,Melissa M. Robertson,uga,GxOOhMwAAAAJ
bergman_mindy,Mindy E. Bergman,tamu,G-AO9gsAAAAJ
hughes_ian,Ian M. Hughes,tamu,GynUkBgAAAAJ
zhu_ze,Ze (Mia) Zhu,tamu,nHECmAQAAAAJ
barratt_clare,Clare L. Barratt,bgsu,MLDrYREAAAAJ
mcabee_samuel,Samuel T. McAbee,bgsu,JKCK2p0AAAAJ
keith_melissa,Melissa G. Keith,bgsu,ix0bMCcAAAAJ
zhang_bo,Bo Zhang,uiuc,S4qQ-3AAAAAJ
min_hanyi,Hanyi Min,uiuc,WhlHwoEAAAAJ
alexander_leo,Leo Alexander III,uiuc,oNYBNlcAAAAJ
calderwood_charles,Charles Calderwood,vt,yIMzglsAAAAJ
hernandez_ivan,Ivan Hernandez,vt,ANFTuKYAAAAJ
hickman_louis,Louis Hickman,vt,wluq3hgRc10C
hsu_ning,Ning Hsu,vt,PpNCyiwAAAAJ
melsonsilimon_arturia,Arturia Melson-Silimon,vt,UZ_ImyQAAAAJ
carver_sarah,Sarah J. Carver,guelph,i7T9I6AAAAAJ
gill_harjinder,Harjinder Gill,guelph,0hrcjSkAAAAJ
spence_jeffrey,Jeffrey R. Spence,guelph,HeyarCAAAAAJ
stanley_david,David J. Stanley,guelph,krwVUm4AAAAJ
reichin_sydney,Sydney L. Reichin,ncsu,X-RXoNwAAAAJ
mcchesney_jenna,Jenna McChesney,ncsu,ufCRd2YAAAAJ
phetmisy_cassandra,Cassandra Phetmisy,umd,wCqCJlgAAAAJ
yang_zhixu,Zhixu (Rick) Yang,baruch,0v2kCQEAAAAJ
kowalski_robin,Robin Kowalski,clemson,IroDjIkAAAAJ
pury_cynthia,Cynthia Pury,clemson,jstExUUAAAAJ
raymark_patrick,Patrick Raymark,clemson,DUaGhN8AAAAJ
shuffler_marissa,Marissa Shuffler,clemson,Pv6vHP8AAAAJ
traylor_allison,Allison Traylor,clemson,9FhHossAAAAJ
chang_yingyi,Yingyi Chang,wayne,3FuemZsAAAAJ
kreamer_liana,Liana Kreamer,fit,VjT01dEAAAAJ
yavorsky_jill,Jill Yavorsky,uncc,3qAsZVAAAAAJ
kronberg_annekathrin,Anne-Kathrin Kronberg,uncc,IyB0NnsAAAAJ
scott_cliff,Cliff Scott,uncc,icbUKFkAAAAJ
kung_franki,Franki Y. H. Kung,purdue,sw-zZF0AAAAJ
harriswatson_alex,Alexandra Harris-Watson,purdue,VaqrGQoAAAAJ
macnamara_brooke,Brooke N. Macnamara,purdue,dKPihKcAAAAJ
silver_elisabeth,Elisabeth Silver,msu,JrigXcIAAAAJ
baker_nathan,Nathan Baker,wright,TnosyFsAAAAJ
mccord_mallory,Mallory A. McCord,wright,c2TKbj0AAAAJ
rudolph_cort,Cort W. Rudolph,wayne,Z9W6egsAAAAJ
reed_brent,Brent Reed,uncc,9kHbKL8AAAAJ
walker_lisa,Lisa Slattery Walker,uncc,_DnBkXMAAAAJ
woehr_david,David J. Woehr,uncc,vdt4FQsAAAAJ
strah_nicole,Nicole Strah,uncc,ZXDkcLwAAAAJ
allen_shalene,Shalene Allen,ksu,jnj5k-QAAAAJ
lee_jin,Jin Lee,ksu,aWmsLwoAAAAJ
tu_naidan,Naidan Tu,ksu,OsxbqScAAAAJ
magley_vicki,Vicki Magley,uconn,2T1ZakYAAAAJ
henning_robert,Robert Henning,uconn,
zhang_don,Don Zhang,lsu,GTukwAEAAAAJ
burke_vanessa,Vanessa Burke,lsu,XaLQFUMAAAAJ
cobb_haley,Haley Cobb,lsu,IWPXrZUAAAAJ
probst_tahira,Tahira M. Probst,wsu,te6Pf2UAAAAJ
