institution_id,name,country,city,program_url,faculty_page_url,unit,include_status,notes,roster_status,active_faculty,address,lat,lng
umn,University of Minnesota,US,Minneapolis,https://cla.umn.edu/psychology/graduate/areas-specialization/industrial-organizational-psychology-i-o,https://cla.umn.edu/psychology/graduate/areas-specialization/industrial-organizational-psychology-i-o,Psychology,core,Psychology I-O only; Carlson affiliates excluded,complete_v1,5,"75 East River Parkway, Minneapolis, MN 55455",44.9740,-93.2277
msu,Michigan State University,US,East Lansing,https://psychology.msu.edu/programs/organizational/,https://psychology.msu.edu/programs/organizational/faculty.html,Psychology,core,"Psychology Organizational faculty only; Broad affiliates excluded; Roberson is official Organizational directory (joint Broad/Psychology), not Affiliated",complete_v1,7,"316 Physics Road, East Lansing, MI 48824",42.7018,-84.4822
uiuc,University of Illinois Urbana-Champaign,US,Champaign,https://psychology.illinois.edu/research/areas/industrial-organizational,https://psychology.illinois.edu/directory/faculty,Psychology,core,,complete_v1,4,"603 East Daniel Street, Champaign, IL 61820",40.1020,-88.2272
bgsu,Bowling Green State University,US,Bowling Green,https://www.bgsu.edu/arts-and-sciences/psychology/graduate-program/industrial-organizational.html,https://www.bgsu.edu/arts-and-sciences/psychology/graduate-program/industrial-organizational/people/faculty.html,Psychology,core,,complete_v1,6,"1001 East Wooster Street, Bowling Green, OH 43403",41.3765,-83.6305
uakron,University of Akron,US,Akron,https://www.uakron.edu/psychology/academics/industrial-organizational-psychology/,https://www.uakron.edu/psychology/faculty-staff/,Psychology,core,Diefendorff left 2026 for Arkansas Walton,complete_v1,5,"290 East Buchtel Avenue, Akron, OH 44325",41.0755,-81.5115
psu,Pennsylvania State University,US,University Park,https://psych.la.psu.edu/graduate/program-areas/industrial-organizational/,https://psych.la.psu.edu/graduate/program-areas/industrial-organizational/faculty/,Psychology,core,LeBreton now Rice,complete_v1,4,"140 Moore Building, University Park, PA 16802",40.7982,-77.8599
rice,Rice University,US,Houston,https://psychology.rice.edu/graduate/industrial-organizational-psychology,https://psychology.rice.edu/people,Psychology,core,Rice people profiles; Oswald not counted; iopsychology.rice.edu faculty page stale,complete_v1,8,"6100 Main Street, Houston, TX 77005",29.7174,-95.4018
gmu,George Mason University,US,Fairfax,https://psychology.gmu.edu/programs/la-phd-psyc/industrial-organizational,https://io.gmu.edu/people,Psychology,core,Tenure-line I-O only; Ahmad/Savage/Stagl not TT; Wittman Costello Management listed on official tenure-line I-O page,complete_v1,8,"4400 University Drive, Fairfax, VA 22030",38.8308,-77.3075
uga,University of Georgia,US,Athens,https://www.psychology.uga.edu/io-phd,https://psyc.franklin.uga.edu/directory/industrial-organizational-phd-program-faculty,Psychology,core,Outland not on 2026 I-O PhD faculty directory,complete_v1,5,"125 Baldwin Street, Athens, GA 30602",33.9480,-83.3773
tamu,Texas A&M University,US,College Station,https://artsci.tamu.edu/psychological-brain-sciences/academics/graduate/phd-program/training-areas/industrial-organizational-psychology/,https://artsci.tamu.edu/psychological-brain-sciences/academics/graduate/phd-program/training-areas/industrial-organizational-psychology/faculty.html,Psychology,core,Psychology I-O core only; Mays affiliates excluded,complete_v1,5,"4235 TAMU, College Station, TX 77843",30.6187,-96.3365
usf,University of South Florida,US,Tampa,https://www.usf.edu/arts-sciences/departments/psychology/graduate/industrial-organization/,https://www.usf.edu/arts-sciences/departments/psychology/graduate/industrial-organization/i-o-faculty.aspx,Psychology,core,,complete_v1,8,"4202 East Fowler Avenue, Tampa, FL 33620",28.0587,-82.4139
purdue,Purdue University,US,West Lafayette,https://hhs.purdue.edu/graduate-programs/industrial-organizational-psychology/,https://www.purdueiopsych.com/people,Psychology,core,Official I-O people page; exclude Daniels School courtesy faculty,complete_v1,5,"703 Third Street, West Lafayette, IN 47907",40.4237,-86.9212
uh,University of Houston,US,Houston,https://www.uh.edu/class/psychology/io-psych/,https://www.uh.edu/class/psychology/io-psych/people/faculty/,Psychology,core,Witt (Management joint) excluded; not on dedicated I-O faculty page,complete_v1,5,"3695 Cullen Boulevard, Houston, TX 77204",29.7199,-95.3422
pdx,Portland State University,US,Portland,https://www.pdx.edu/psychology/industrialorganizational-psychology,https://www.pdx.edu/psychology/industrialorganizational-psychology,Psychology,core,,complete_v1,4,"1825 SW Broadway, Portland, OR 97201",45.5123,-122.6834
csu,Colorado State University,US,Fort Collins,https://psychology.colostate.edu/io/,https://psychology.colostate.edu/io/,Psychology,core,,complete_v1,7,"1876 Campus Delivery, Fort Collins, CO 80523",40.5734,-105.0865
uncc,University of North Carolina at Charlotte,US,Charlotte,https://orgscience.charlotte.edu/,https://orgscience.charlotte.edu/faculty/,Organizational Science,core,OS TT faculty from official OS pages,complete_v1,20,"9201 University City Boulevard, Charlotte, NC 28223",35.3071,-80.7352
ncsu,North Carolina State University,US,Raleigh,https://psychology.chass.ncsu.edu/graduate/industrial-and-organizational/,https://chass.ncsu.edu/group/psychology/psychology-faculty/industrial-organizational-psychology/,Psychology,core,Official I-O faculty group plus McChesney CHASS people page,complete_v1,5,"2310 Stinson Drive, Raleigh, NC 27695",35.7847,-78.6821
gatech,Georgia Institute of Technology,US,Atlanta,https://iopsych.gatech.edu/,https://psychology.gatech.edu/people,Psychology,core,Kanfer deceased August 2025,complete_v1,2,"654 Cherry Street NW, Atlanta, GA 30332",33.7756,-84.3963
umd,University of Maryland College Park,US,College Park,https://psyc.umd.edu/sdos-program,https://psyc.umd.edu/people/faculty,Psychology,core,PhD I-O area; do not count MPS-only instructors,complete_v1,4,"4094 Campus Drive, College Park, MD 20742",38.9869,-76.9426
baruch,Baruch College / CUNY Graduate Center,US,New York,https://www.gc.cuny.edu/psychology,https://www.baruch.cuny.edu/wsas/academics/psychology/faculty.htm,Psychology,core,PhD is through CUNY Graduate Center; faculty primarily at Baruch,complete_v1,8,"55 Lexington Avenue, New York, NY 10010",40.7403,-73.9834
clemson,Clemson University,US,Clemson,https://www.clemson.edu/cbshs/departments/psychology/degrees/industrial-organizational-psychology.html,https://www.clemson.edu/cbshs/departments/psychology/degrees/industrial-organizational-psychology.html,Psychology,core,Official I-O PhD page faculty list (11),complete_v1,11,"418 Brackett Hall, Clemson, SC 29634",34.6834,-82.8374
wright,Wright State University,US,Dayton,https://www.wright.edu/degrees-and-programs/catalog/programs/industrial-organizational-psychology-phd,https://science-math.wright.edu/psychology/faculty-and-staff-directory,Psychology,core,Added Baker 2025 and McCord 2026; Bowling now UCF; Burns now FIT,complete_v1,5,"3640 Colonel Glenn Highway, Dayton, OH 45435",39.7803,-84.0646
cmich,Central Michigan University,US,Mount Pleasant,https://www.cmich.edu/academics/colleges/liberal-arts-social-sciences/departments/psychology/graduate-programs/industrial-and-organizational-psychology/faculty,https://www.cmich.edu/academics/colleges/liberal-arts-social-sciences/departments/psychology/graduate-programs/industrial-and-organizational-psychology/faculty,Psychology,core,,complete_v1,3,"1200 South Franklin Street, Mount Pleasant, MI 48859",43.5906,-84.7750
wayne,Wayne State University,US,Detroit,https://clas.wayne.edu/psychology/grad/phd/industrial-organizational,https://clas.wayne.edu/psychology/directory,Psychology,core,"Dickson, Rudolph, Chang; Speer left 2023; Baltes not current",complete_v1,3,"5057 Woodward Avenue, Detroit, MI 48202",42.3570,-83.0660
fit,Florida Institute of Technology,US,Melbourne,https://www.fit.edu/programs/industrial-organizational-psychology-phd/,https://www.fit.edu/psychology/academics-and-learning/io-psychology/faculty/,Psychology,core,,complete_v1,7,"150 West University Boulevard, Melbourne, FL 32901",28.0657,-80.6232
ucf,University of Central Florida,US,Orlando,https://sciences.ucf.edu/psychology/graduate/ph-d-io/,https://sciences.ucf.edu/psychology/graduate/ph-d-io/,Psychology,core,Official I/O page; lecturers Chetta and Pace excluded,complete_v1,8,"4000 Central Florida Boulevard, Orlando, FL 32816",28.6024,-81.2001
odu,Old Dominion University,US,Norfolk,https://www.odu.edu/psychology/graduate/industrial-organizational,https://www.odu.edu/psychology/graduate/industrial-organizational/labs,Psychology,verify,I-O PhD discontinued 2025 (confirmed by former faculty); catalog/marketing pages stale; remaining faculty not a program,empty,0,"5115 Hampton Boulevard, Norfolk, VA 23529",36.8865,-76.3052
niu,Northern Illinois University,US,DeKalb,https://www.niu.edu/psychology/academics/graduate/social/index.shtml,https://www.niu.edu/psychology/academics/graduate/social/index.shtml,Psychology,core,,complete_v1,7,"1425 West Lincoln Highway, DeKalb, IL 60115",41.9338,-88.7664
ou,University of Oklahoma,US,Norman,https://www.ou.edu/cas/psychology/graduate/io,https://www.ou.edu/cas/psychology/people/faculty,Psychology,core,,complete_v1,6,"455 West Lindsey Street, Norman, OK 73019",35.2058,-97.4457
iit,Illinois Institute of Technology,US,Chicago,https://www.iit.edu/academics/programs/industrial-organizational-psychology-phd,https://www.iit.edu/psychology/people,Psychology,core,Ayman retired May 2026 (LinkedIn); IIT directory still stale Professor,complete_v1,2,"10 West 35th Street, Chicago, IL 60616",41.8350,-87.6275
depaul,DePaul University,US,Chicago,https://csh.depaul.edu/academics/departments-schools/psychology/faculty-staff/industrial-organizational-psychology-faculty,https://csh.depaul.edu/academics/departments-schools/psychology/faculty-staff/industrial-organizational-psychology-faculty,Psychology,core,,complete_v1,4,"2219 North Kenmore Avenue, Chicago, IL 60614",41.9224,-87.6546
ualbany,University at Albany SUNY,US,Albany,https://www.albany.edu/psychology/programs/phd-industrial-and-organizational-psychology,https://www.albany.edu/psychology/faculty,Psychology,core,,complete_v1,3,"1400 Washington Avenue, Albany, NY 12222",42.6860,-73.8240
unomaha,University of Nebraska Omaha,US,Omaha,https://www.unomaha.edu/college-of-arts-and-sciences/psychology/academics/graduate-programs/io-psych/faculty.php,https://www.unomaha.edu/college-of-arts-and-sciences/psychology/academics/graduate-programs/io-psych/faculty.php,Psychology,core,,complete_v1,6,"6001 Dodge Street, Omaha, NE 68182",41.2584,-96.0106
utulsa,University of Tulsa,US,Tulsa,https://utulsa.edu/academics/arts/academics/departments/psychology/io-grad/,https://utulsa.edu/academics/arts/academics/departments/psychology/io-grad/,Psychology,core,,complete_v1,3,"800 South Tucker Drive, Tulsa, OK 74104",36.1520,-95.9460
ohio,Ohio University,US,Athens,https://www.ohio.edu/cas/psychology/graduate/experimental/manual/specialization-industrial-organizational-psychology,https://www.ohio.edu/cas/psychology/about/contact/faculty-staff-directory,Psychology,core,I-O PhD (experimental specialization). Current TT: Vancouver (Byham Chair) and Jingyi Li (Fall 2026). Specialization page still says not taking new students and lists only Vancouver; Jingyi is on the department directory. Griffeth emeritus excluded.,complete_v1,2,"200 Porter Hall, Athens, OH 45701",39.3240,-82.1014
latech,Louisiana Tech University,US,Ruston,https://education.latech.edu/academic-programs/psychology-behavioral-sciences/industrial-organizational-psychology/,https://education.latech.edu/faculty-staff/psychology-behavioral-sciences/,Psychology,core,Igou retired 2024; Desselles no longer TT; Sheets and Toaddy remain,complete_v1,2,"305 Wisteria Street, Ruston, LA 71272",32.5281,-92.6499
fiu,Florida International University,US,Miami,https://case.fiu.edu/psychology/phd-in-industrial-organizational-psychology/,https://case.fiu.edu/psychology/students/graduate/phd-in-industrial-organizational-psychology/team/,Psychology,core,,complete_v1,3,"11200 SW 8th Street, Miami, FL 33199",25.7541,-80.3734
umsl,University of Missouri-St. Louis,US,St. Louis,https://www.umsl.edu/psychology/graduate-studies/industrial-organizational.html,https://www.umsl.edu/psychology/faculty/,Psychology,verify,"PhD I-O no longer admitting; remaining faculty are College of Business, excluded",empty,0,"1 University Boulevard, St. Louis, MO 63121",38.7105,-90.3113
auburn,Auburn University,US,Auburn,https://cla.auburn.edu/psychological-sciences/io/i-o-psychology-ph-d/,https://cla.auburn.edu/psychological-sciences/io/people/,Psychology,core,,complete_v1,8,"226 Thach Hall, Auburn, AL 36849",32.5934,-85.4952
vt,Virginia Tech,US,Blacksburg,https://support.psyc.vt.edu/grads/program/industrial-organizational,https://support.psyc.vt.edu/grads/program/area-faculty/industrial-organizational-psychology,Psychology,core,Hickman moved to Management 2026; still counted by appointment,complete_v1,5,"109 Williams Hall, Blacksburg, VA 24061",37.2284,-80.4234
slu,Saint Louis University,US,St. Louis,https://www.slu.edu/arts-and-sciences/academics/degrees/graduate/psychology-industrial-organizational-phd.php,https://www.slu.edu/arts-and-sciences/psychology/faculty/,Psychology,core,Thomas left 2025 for ASU,complete_v1,3,"1 North Grand Boulevard, St. Louis, MO 63103",38.6368,-90.2336
wmu,Western Michigan University,US,Kalamazoo,https://wmich.edu/psychology/academics/graduate/iobm,https://wmich.edu/psychology/directory/industrial,Psychology,core,IOBM/OBM doctorate (behavior analysis + I-O); still admitting,complete_v1,4,"1903 West Michigan Avenue, Kalamazoo, MI 49008",42.2826,-85.6142
montclair,Montclair State University,US,Montclair,https://www.montclair.edu/academics/programs/phd-industrial-and-organizational-psychology,https://www.montclair.edu/academics/programs/phd-industrial-and-organizational-psychology,Psychology,core,,complete_v1,7,"1 Normal Avenue, Montclair, NJ 07043",40.8616,-74.1981
hofstra,Hofstra University,US,Hempstead,https://www.hofstra.edu/applied-organizational-psychology/,https://www.hofstra.edu/applied-organizational-psychology/faculty.html,Psychology,core,Degree name is Applied Organizational Psychology,complete_v1,6,"1000 Fulton Avenue, Hempstead, NY 11549",40.7168,-73.5996
spu,Seattle Pacific University,US,Seattle,https://spu.edu/academics/college-applied-natural-sciences/graduate-programs/industrial-organizational-psychology-phd,https://spu.edu/academics/college-applied-natural-sciences/graduate-programs/industrial-organizational-psychology-phd,Psychology,core,,complete_v1,3,"3307 3rd Avenue West, Seattle, WA 98119",47.6500,-122.3615
tc,Teachers College Columbia University,US,New York,https://www.tc.columbia.edu/organization-and-leadership/social-organizational-psychology/faculty/,https://www.tc.columbia.edu/organization-and-leadership/social-organizational-psychology/faculty/,Social-Organizational Psychology,core,Social-Organizational Psychology PhD,complete_v1,6,"525 West 120th Street, New York, NY 10027",40.8103,-73.9607
gwu,George Washington University,US,Washington,https://orgsciandcomm.columbian.gwu.edu/phd-i-o-psychology,https://orgsciandcomm.columbian.gwu.edu/core-faculty,Organizational Sciences,core,OS I-O doctoral faculty only; Psychology affiliates excluded,complete_v1,3,"600 21st Street NW, Washington, DC 20052",38.8997,-77.0486
uta,University of Texas at Arlington,US,Arlington,https://www.uta.edu/academics/schools-colleges/science/departments/psychology/research/industrial-organizational-psychology,https://www.uta.edu/academics/schools-colleges/science/departments/psychology/research/industrial-organizational-psychology,Psychology,core,,complete_v1,5,"501 South Nedderman Drive, Arlington, TX 76019",32.7299,-97.1150
utsa,University of Texas at San Antonio,US,San Antonio,https://hcap.utsa.edu/psychology/,https://hcap.utsa.edu/psychology/faculty/,Psychology,verify,No psychology I-O PhD; I-O researchers are in Management (excluded per roster rules),empty,0,"1 UTSA Circle, San Antonio, TX 78249",29.5833,-98.6194
siuc,Southern Illinois University Carbondale,US,Carbondale,https://academics.siu.edu/human-behavioral/psychology/doctoral/applied.php,https://academics.siu.edu/human-behavioral/psychology/doctoral/applied.php,Psychology,verify,Applied Psychology not accepting applications; no remaining I-O TT faculty,empty,0,"1125 Lincoln Drive, Carbondale, IL 62901",37.7136,-89.2192
ksu,Kansas State University,US,Manhattan,https://www.k-state.edu/psych/academics/graduate/programs/io/,https://www.k-state.edu/psych/academics/graduate/programs/io/faculty.html,Psychology,core,Official I-O faculty table 2026-07-27; Maneotis teaching-track excluded; Fullagar/Knight/Downey not on table,complete_v1,3,"492 Bluemont Hall, Manhattan, KS 66506",39.1974,-96.5847
uconn,University of Connecticut,US,Storrs,https://catalog.uconn.edu/graduate/degree-programs/psychological-sciences-phd/,https://psychology.uconn.edu/persontag/industrial-and-organizational-psychology/,Psychology,core,Psychological Sciences PhD I-O concentration; Magley Henning Mellor Solis current TT on I-O tag page; Rumery research professor excluded; Mathieu business affiliate excluded from current roster,complete_v1,4,"406 Babbidge Road, Storrs, CT 06269",41.8077,-72.2540
lsu,Louisiana State University,US,Baton Rouge,https://www.lsu.edu/hss/psychology/grad/prospective-student/areas-of-specialization/organizational.php,https://www.lsu.edu/hss/psychology/grad/prospective-student/areas-of-specialization/organizational.php,Psychology,core,Official I-O core faculty: Zhang Burke Cobb,complete_v1,3,"236 Audubon Hall, Baton Rouge, LA 70803",30.4133,-91.1800
wsu,Washington State University,US,Vancouver,https://psychology.wsu.edu/psychological-science/industrial-organizational/,https://psychology.wsu.edu/psychological-science/industrial-organizational/,Psychology,core,Psychological Science PhD I-O area; associated faculty Probst only,complete_v1,1,"14204 NE Salmon Creek Avenue, Vancouver, WA 98686",45.7310,-122.6339
waterloo,University of Waterloo,CA,Waterloo,https://uwaterloo.ca/psychology/research/research-areas/industrial-organizational-psychology,https://uwaterloo.ca/psychology/about/people/faculty,Psychology,core,,complete_v1,5,"200 University Avenue West, Waterloo, ON N2L 3G1",43.4723,-80.5449
calgary,University of Calgary,CA,Calgary,https://ucalgaryio.com/,https://ucalgaryio.com/faculty,Psychology,core,Dedicated I-O faculty page; exclude Haskayne/adjuncts; Chapman emeritus; Caird retired affiliate (Human Factors; not I-O),complete_v1,5,"2500 University Drive NW, Calgary, AB T2N 1N4",51.0775,-114.1331
smu,Saint Mary's University,CA,Halifax,https://www.smu.ca/academics/applied-psychology-industrial-organizational.html,https://www.smu.ca/psychology/faculty-and-staff.html,Psychology,core,,complete_v1,8,"923 Robie Street, Halifax, NS B3H 3C3",44.6318,-63.5806
guelph,University of Guelph,CA,Guelph,https://www.uoguelph.ca/psychology/graduate/ios,https://www.uoguelph.ca/psychology/people,Psychology,core,,complete_v1,7,"50 Stone Road East, Guelph, ON N1G 2W1",43.5327,-80.2262
western,Western University,CA,London,https://www.psychology.uwo.ca/research/io/index.html,https://www.psychology.uwo.ca/research/io/contact.html,Psychology,core,,complete_v1,4,"1151 Richmond Street, London, ON N6A 3K7",43.0096,-81.2737
uqam,Universite du Quebec a Montreal,CA,Montreal,https://psychologie.uqam.ca/psychologie-du-travail-et-des-organisations/,https://psychologie.uqam.ca/professeur-section/professeurs-psychologie-du-travail-et-des-organisations/,Psychology,core,"CSIOP-listed I-O program; Taylor listed as externe (Education), excluded",complete_v1,5,"100 rue Sherbrooke Ouest, Montreal, QC H2X 3P2",45.5091,-73.5694
umontreal,Universite de Montreal,CA,Montreal,https://admission.umontreal.ca/programmes/doctorat-en-psychologie-recherche-et-intervention-option-psychologie-du-travail-et-des-organisations/,https://psy.umontreal.ca/recherche/interets/experts/ex/Psychologie%20du%20travail%20et%20des%20organisations/,Psychology,core,French-language I-O PhD (Ph. D. R-I); current TT PTO faculty only,complete_v1,6,"2900 boulevard Edouard-Montpetit, Montreal, QC H3T 1J4",45.5048,-73.6132
windsor,University of Windsor,CA,Windsor,https://www.uwindsor.ca/science/psychology/graduate,https://www.uwindsor.ca/science/psychology/faculty,Psychology,borderline,CSIOP: Applied Social with I-O option,complete_v1,2,"401 Sunset Avenue, Windsor, ON N9B 3P4",42.3047,-83.0660
